teamId,parentTeam,affiliateLevel,affiliateName,firstName,lastName,age,position,currentDisplayOVR,floorDisplay,ceilingDisplay,contact,power,eye,speed,defense,durability,stuff,control,stamina,velocity,movement,workEthic,mentalToughness,leadership,competitiveness,developmentProgram,developmentTrajectory,role,scoutingNote
nym,New York Tycoons,AA,Albany Blue Chips,Ari,Abarca,22,SS,45,40,75,45,45,40,55,60,45,,,,,,61,60,49,62,tools,ahead_of_curve,Top ranked prospect / potential impact regular,"Up-the-middle athlete with defensive value and pressure-speed traits; tools are ahead of current baseball skill. Fits the org identity around polished bats, zone control, up-the-middle defense, and marketable high-floor prospects."
nym,New York Tycoons,AA,Albany Blue Chips,Bento,Harrow,23,SP,45,40,65,20,20,20,20,30,50,50,50,55,50,50,75,72,61,77,refinement,on_track,Impact follow prospect / everyday or rotation path,"Starter traits with enough pitch mix to stay in a rotation; refinement should decide the role. Fits the org identity around polished bats, zone control, up-the-middle defense, and marketable high-floor prospects."
nym,New York Tycoons,A_PLUS,Hudson Floor Traders,Caleb,Okafor,21,C,40,35,65,40,40,40,30,60,45,,,,,,89,84,73,92,defense,on_track,Scarcity-position prospect / above-average role path,"Catcher with staff-handling traits and a realistic defensive path; defense gives the profile a safer floor. Fits the org identity around polished bats, zone control, up-the-middle defense, and marketable high-floor prospects."
nym,New York Tycoons,AA,Albany Blue Chips,Dario,Velas,22,CF,40,35,60,40,40,35,50,55,40,,,,,,64,96,85,70,tools,on_track,Athletic regular upside,Up-the-middle athlete with defensive value and pressure-speed traits; tools are ahead of current baseball skill. Best used as athletic regular upside.
nym,New York Tycoons,AAA,Newark Market Makers,Elias,Daschle,25,RP,50,45,60,20,20,20,25,30,55,55,45,40,70,50,78,66,48,85,velocity,on_track,Near-ready relief or swingman option,Relief profile with one carrying pitch and room for command growth; velocity development drives the upside. Best used as near-ready relief or swingman option.
nym,New York Tycoons,A_PLUS,Hudson Floor Traders,Fynn,Kimura,21,3B,35,25,60,35,55,30,30,35,35,,,,,,92,78,60,63,power,on_track,Power or corner-depth prospect,Bat-first profile with enough impact to matter if the approach holds; game power is the development focus. Best used as power or corner-depth prospect.
nym,New York Tycoons,A,Long Island Vaults,Gideon,Solberg,20,SS,35,25,55,35,30,35,40,55,35,,,,,,67,90,72,78,defense,on_track,Defense/speed development prospect,Up-the-middle athlete with defensive value and pressure-speed traits; defense gives the profile a safer floor. Best used as defense/speed development prospect.
nym,New York Tycoons,A,Long Island Vaults,Harlan,Bexley,20,SP,30,20,60,20,20,20,20,30,30,35,30,50,35,30,81,60,84,93,stamina,on_track,Raw arm with starter traits,Starter traits with enough pitch mix to stay in a rotation; workload growth is the main development goal. Best used as raw arm with starter traits.
nym,New York Tycoons,ROOKIE,Queens Coiners,Isaak,Ibarra,19,RF,30,20,60,30,40,35,25,35,30,,,,,,95,72,47,71,fundamentals,bust_risk,Young bat with one loud carrying tool,Bat-first profile with enough impact to matter if the approach holds; fundamentals can turn the tools into a role. Best used as young bat with one loud carrying tool.
nym,New York Tycoons,INTERNATIONAL,Boca Chica Tycoon Academy,Jalen,Prado,18,2B,30,20,60,30,25,30,35,50,30,,,,,,70,84,59,86,defense,bust_risk,International/rookie upside lottery ticket,Up-the-middle athlete with defensive value and pressure-speed traits; defense gives the profile a safer floor. Best used as international/rookie upside lottery ticket.
nym,New York Tycoons,AAA,Newark Market Makers,Keon,Walden,27,C,45,40,50,45,45,50,35,60,50,,,,,,90,83,43,79,fundamentals,on_track,Optionable catcher with receiving value,Catcher with staff-handling traits and a realistic defensive path; fundamentals can turn the tools into a role. Best used as optionable catcher with receiving value.
nym,New York Tycoons,AAA,Newark Market Makers,Luca,Eldridge,26,3B,45,40,50,45,55,50,40,50,45,,,,,,62,90,48,92,fundamentals,on_track,Utility infielder / contact bench bat,Bat-first profile with enough impact to matter if the approach holds; fundamentals can turn the tools into a role. Best used as utility infielder / contact bench bat.
nym,New York Tycoons,AAA,Newark Market Makers,Mateo,Lagos,27,CF,45,40,50,45,40,45,50,65,45,,,,,,73,55,53,68,defense,on_track,Left-handed bench outfield depth,Up-the-middle athlete with defensive value and pressure-speed traits; defense gives the profile a safer floor. Best used as left-handed bench outfield depth.
nym,New York Tycoons,AAA,Newark Market Makers,Nolan,Tavares,28,SP,45,40,50,20,20,20,20,30,50,50,45,65,50,45,84,62,58,81,stamina,on_track,Sixth-starter depth,Starter traits with enough pitch mix to stay in a rotation; workload growth is the main development goal. Best used as sixth-starter depth.
nym,New York Tycoons,AA,Albany Blue Chips,Omar,Bravik,24,CL,40,35,55,20,20,20,25,30,45,50,40,30,50,50,95,69,63,94,breaking,on_track,Middle-relief shuttle candidate,Late-inning arm with leverage temperament and swing-and-miss shape; breaking-ball quality is the carrying skill. Best used as middle-relief shuttle candidate.
nym,New York Tycoons,AA,Albany Blue Chips,Pascal,Inoa,24,RF,40,35,55,40,50,45,35,45,40,,,,,,67,76,68,70,fundamentals,on_track,Fourth-outfielder depth,Bat-first profile with enough impact to matter if the approach holds; fundamentals can turn the tools into a role. Best used as fourth-outfielder depth.
nym,New York Tycoons,A_PLUS,Hudson Floor Traders,Quinn,Paloma,22,SS,35,25,55,35,30,35,40,55,35,,,,,,78,83,73,83,defense,on_track,Defense-first infield depth,Up-the-middle athlete with defensive value and pressure-speed traits; defense gives the profile a safer floor. Best used as defense-first infield depth.
nym,New York Tycoons,A,Long Island Vaults,Rafael,Zuniga,21,SP,30,20,55,20,20,20,20,30,30,35,30,50,35,30,89,90,78,96,stamina,on_track,Developmental starter with strike-throwing base,Starter traits with enough pitch mix to stay in a rotation; workload growth is the main development goal. Best used as developmental starter with strike-throwing base.
nym,New York Tycoons,ROOKIE,Queens Coiners,Silas,Gallardo,19,C,25,20,50,25,25,30,20,40,30,,,,,,61,55,83,72,fundamentals,on_track,Young catcher / staff-handling project,Catcher with staff-handling traits and a realistic defensive path; fundamentals can turn the tools into a role. Best used as young catcher / staff-handling project.
nym,New York Tycoons,INTERNATIONAL,Boca Chica Tycoon Academy,Theo,Nadeau,18,SS,25,20,55,25,20,25,30,45,25,,,,,,72,62,88,85,defense,on_track,Academy middle-infield glove project,Up-the-middle athlete with defensive value and pressure-speed traits; defense gives the profile a safer floor. Best used as academy middle-infield glove project.
phi,Philadelphia Liberty Bells,AAA,Wilmington Founders,Ulises,Upton,24,RF,50,45,70,50,70,45,45,50,50,,,,,,86,74,51,63,power,ahead_of_curve,Top ranked prospect / potential impact regular,"Bat-first profile with enough impact to matter if the approach holds; game power is the development focus. Fits the org identity around contact-first hitters with gap power, sturdy catchers, and command arms who survive hitter-leaning parks."
phi,Philadelphia Liberty Bells,AA,Lancaster Quillwrights,Vidal,Cruzado,23,SS,45,40,65,45,45,40,55,60,45,,,,,,61,86,63,78,tools,on_track,Impact follow prospect / everyday or rotation path,"Up-the-middle athlete with defensive value and pressure-speed traits; tools are ahead of current baseball skill. Fits the org identity around contact-first hitters with gap power, sturdy catchers, and command arms who survive hitter-leaning parks."
phi,Philadelphia Liberty Bells,A_PLUS,Trenton Tollkeepers,Wes,Jasso,21,SP,40,35,60,20,20,20,20,30,40,45,45,50,45,45,75,56,75,93,refinement,on_track,Scarcity-position prospect / above-average role path,"Starter traits with enough pitch mix to stay in a rotation; refinement should decide the role. Fits the org identity around contact-first hitters with gap power, sturdy catchers, and command arms who survive hitter-leaning parks."
phi,Philadelphia Liberty Bells,AA,Lancaster Quillwrights,Xavi,Rinaldi,22,3B,40,35,60,40,60,35,35,40,40,,,,,,89,68,87,71,power,on_track,Athletic regular upside,Bat-first profile with enough impact to matter if the approach holds; game power is the development focus. Best used as athletic regular upside.
phi,Philadelphia Liberty Bells,AAA,Wilmington Founders,Yael,Arden,25,CL,50,45,60,20,20,20,25,30,55,60,50,40,60,60,64,80,50,86,breaking,on_track,Near-ready relief or swingman option,Late-inning arm with leverage temperament and swing-and-miss shape; breaking-ball quality is the carrying skill. Best used as near-ready relief or swingman option.
phi,Philadelphia Liberty Bells,A_PLUS,Trenton Tollkeepers,Zane,Hollis,21,1B,35,25,60,35,55,30,30,35,35,,,,,,78,92,62,64,power,on_track,Power or corner-depth prospect,Bat-first profile with enough impact to matter if the approach holds; game power is the development focus. Best used as power or corner-depth prospect.
phi,Philadelphia Liberty Bells,A,Brandywine Bellows,Emilio,Osuna,20,2B,35,25,55,35,30,35,40,55,35,,,,,,92,62,74,79,defense,on_track,Defense/speed development prospect,Up-the-middle athlete with defensive value and pressure-speed traits; defense gives the profile a safer floor. Best used as defense/speed development prospect.
phi,Philadelphia Liberty Bells,A,Brandywine Bellows,Tomas,Virelli,20,RP,30,20,60,20,20,20,25,30,30,35,25,20,50,30,67,74,86,94,velocity,on_track,Raw arm with starter traits,Relief profile with one carrying pitch and room for command growth; velocity development drives the upside. Best used as raw arm with starter traits.
phi,Philadelphia Liberty Bells,ROOKIE,Valley Forge Riveters,Jonas,Decker,19,LF,30,20,60,30,40,35,25,35,30,,,,,,81,86,49,72,fundamentals,bust_risk,Young bat with one loud carrying tool,Bat-first profile with enough impact to matter if the approach holds; fundamentals can turn the tools into a role. Best used as young bat with one loud carrying tool.
phi,Philadelphia Liberty Bells,INTERNATIONAL,Santo Domingo Liberty Academy,Milo,Korman,18,SS,30,20,60,30,25,30,35,50,30,,,,,,95,56,61,87,defense,bust_risk,International/rookie upside lottery ticket,Up-the-middle athlete with defensive value and pressure-speed traits; defense gives the profile a safer floor. Best used as international/rookie upside lottery ticket.
phi,Philadelphia Liberty Bells,AAA,Wilmington Founders,Nico,Stellan,27,C,45,40,50,45,45,50,35,60,50,,,,,,76,55,45,80,fundamentals,on_track,Optionable catcher with receiving value,Catcher with staff-handling traits and a realistic defensive path; fundamentals can turn the tools into a role. Best used as optionable catcher with receiving value.
phi,Philadelphia Liberty Bells,AAA,Wilmington Founders,Soren,Amador,26,2B,45,40,50,45,40,45,50,65,45,,,,,,87,62,50,93,defense,on_track,Utility infielder / contact bench bat,Up-the-middle athlete with defensive value and pressure-speed traits; defense gives the profile a safer floor. Best used as utility infielder / contact bench bat.
phi,Philadelphia Liberty Bells,AAA,Wilmington Founders,Tariq,Hoshino,27,LF,45,40,50,45,55,50,40,50,45,,,,,,59,69,55,69,fundamentals,on_track,Left-handed bench outfield depth,Bat-first profile with enough impact to matter if the approach holds; fundamentals can turn the tools into a role. Best used as left-handed bench outfield depth.
phi,Philadelphia Liberty Bells,AAA,Wilmington Founders,Andre,Otero,28,SP,45,40,50,20,20,20,20,30,50,50,45,65,50,45,70,76,60,82,stamina,on_track,Sixth-starter depth,Starter traits with enough pitch mix to stay in a rotation; workload growth is the main development goal. Best used as sixth-starter depth.
phi,Philadelphia Liberty Bells,AA,Lancaster Quillwrights,Cyrus,Yoshida,24,RP,40,35,55,20,20,20,25,30,45,45,35,30,60,40,81,83,65,95,velocity,on_track,Middle-relief shuttle candidate,Relief profile with one carrying pitch and room for command growth; velocity development drives the upside. Best used as middle-relief shuttle candidate.
phi,Philadelphia Liberty Bells,AA,Lancaster Quillwrights,Damon,Fenn,24,RF,40,35,55,40,50,45,35,45,40,,,,,,92,90,70,71,fundamentals,on_track,Fourth-outfielder depth,Bat-first profile with enough impact to matter if the approach holds; fundamentals can turn the tools into a role. Best used as fourth-outfielder depth.
phi,Philadelphia Liberty Bells,A_PLUS,Trenton Tollkeepers,Felix,Montano,22,SS,35,25,55,35,30,35,40,55,35,,,,,,64,55,75,84,defense,on_track,Defense-first infield depth,Up-the-middle athlete with defensive value and pressure-speed traits; defense gives the profile a safer floor. Best used as defense-first infield depth.
phi,Philadelphia Liberty Bells,A,Brandywine Bellows,Gavin,Talbot,21,SP,30,20,55,20,20,20,20,30,30,35,30,50,35,30,75,62,80,60,stamina,on_track,Developmental starter with strike-throwing base,Starter traits with enough pitch mix to stay in a rotation; workload growth is the main development goal. Best used as developmental starter with strike-throwing base.
phi,Philadelphia Liberty Bells,ROOKIE,Valley Forge Riveters,Hugo,Barrow,19,C,25,20,50,25,25,30,20,40,30,,,,,,86,69,85,73,fundamentals,on_track,Young catcher / staff-handling project,Catcher with staff-handling traits and a realistic defensive path; fundamentals can turn the tools into a role. Best used as young catcher / staff-handling project.
phi,Philadelphia Liberty Bells,INTERNATIONAL,Santo Domingo Liberty Academy,Ilya,Ibarra,18,RP,25,20,55,20,20,20,25,30,25,30,20,20,45,25,58,76,90,86,velocity,on_track,Academy arm strength project,Relief profile with one carrying pitch and room for command growth; velocity development drives the upside. Best used as academy arm strength project.
bos,Boston Noreasters,AA,Portland Harbor Fog,Joaquin,Park,22,3B,50,45,75,50,75,45,45,50,50,,,,,,72,88,53,64,power,ahead_of_curve,Top ranked prospect / potential impact regular,"Bat-first profile with enough impact to matter if the approach holds; game power is the development focus. Fits the org identity around durable cold-weather bats, left-side infield depth, and pitchers trained for heavy weather innings."
bos,Boston Noreasters,AA,Portland Harbor Fog,Kaito,Zamora,23,CF,45,40,65,45,50,40,55,60,45,,,,,,86,58,65,79,tools,on_track,Impact follow prospect / everyday or rotation path,"Up-the-middle athlete with defensive value and pressure-speed traits; tools are ahead of current baseball skill. Fits the org identity around durable cold-weather bats, left-side infield depth, and pitchers trained for heavy weather innings."
bos,Boston Noreasters,A_PLUS,Lowell Millraces,Leon,Gable,21,SS,40,35,60,40,45,35,50,55,40,,,,,,61,70,77,94,tools,on_track,Scarcity-position prospect / above-average role path,"Up-the-middle athlete with defensive value and pressure-speed traits; tools are ahead of current baseball skill. Fits the org identity around durable cold-weather bats, left-side infield depth, and pitchers trained for heavy weather innings."
bos,Boston Noreasters,AA,Portland Harbor Fog,Malik,Novak,22,SP,40,35,60,20,20,20,20,30,45,45,40,60,45,40,75,82,89,72,stamina,on_track,Athletic regular upside,Starter traits with enough pitch mix to stay in a rotation; workload growth is the main development goal. Best used as athletic regular upside.
bos,Boston Noreasters,AAA,Providence Gale Runners,Noel,Ullman,25,SP,45,40,60,20,20,20,20,30,50,50,45,65,50,45,89,94,52,87,stamina,on_track,Near-ready relief or swingman option,Starter traits with enough pitch mix to stay in a rotation; workload growth is the main development goal. Best used as near-ready relief or swingman option.
bos,Boston Noreasters,A_PLUS,Lowell Millraces,Orion,Corvin,21,LF,35,25,60,35,60,30,30,35,35,,,,,,64,64,64,65,power,on_track,Power or corner-depth prospect,Bat-first profile with enough impact to matter if the approach holds; game power is the development focus. Best used as power or corner-depth prospect.
bos,Boston Noreasters,A,Cape Cod Tideriders,Pavel,Jovic,20,CF,35,25,55,35,35,35,40,55,35,,,,,,78,76,76,80,defense,on_track,Defense/speed development prospect,Up-the-middle athlete with defensive value and pressure-speed traits; defense gives the profile a safer floor. Best used as defense/speed development prospect.
bos,Boston Noreasters,A,Cape Cod Tideriders,Rey,Rocha,20,SP,30,20,60,20,20,20,20,30,30,35,30,50,35,30,92,88,88,95,stamina,on_track,Raw arm with starter traits,Starter traits with enough pitch mix to stay in a rotation; workload growth is the main development goal. Best used as raw arm with starter traits.
bos,Boston Noreasters,ROOKIE,Salem Sea Glints,Santos,Zeller,19,1B,30,20,60,30,45,35,25,35,30,,,,,,67,58,51,73,fundamentals,bust_risk,Young bat with one loud carrying tool,Bat-first profile with enough impact to matter if the approach holds; fundamentals can turn the tools into a role. Best used as young bat with one loud carrying tool.
bos,Boston Noreasters,INTERNATIONAL,San Pedro Noreaster Academy,Talen,Gaitan,18,CF,30,20,60,30,30,30,35,50,30,,,,,,81,70,63,88,defense,bust_risk,International/rookie upside lottery ticket,Up-the-middle athlete with defensive value and pressure-speed traits; defense gives the profile a safer floor. Best used as international/rookie upside lottery ticket.
bos,Boston Noreasters,AAA,Providence Gale Runners,Uri,Noriega,27,C,45,40,50,45,50,50,35,60,50,,,,,,62,69,47,81,fundamentals,on_track,Optionable catcher with receiving value,Catcher with staff-handling traits and a realistic defensive path; fundamentals can turn the tools into a role. Best used as optionable catcher with receiving value.
bos,Boston Noreasters,AAA,Providence Gale Runners,Vaughn,Wirth,26,2B,45,40,50,45,45,45,50,65,45,,,,,,73,76,52,94,defense,on_track,Utility infielder / contact bench bat,Up-the-middle athlete with defensive value and pressure-speed traits; defense gives the profile a safer floor. Best used as utility infielder / contact bench bat.
bos,Boston Noreasters,AAA,Providence Gale Runners,Wade,Easton,27,LF,45,40,50,45,60,50,40,50,45,,,,,,84,83,57,70,fundamentals,on_track,Left-handed bench outfield depth,Bat-first profile with enough impact to matter if the approach holds; fundamentals can turn the tools into a role. Best used as left-handed bench outfield depth.
bos,Boston Noreasters,AAA,Providence Gale Runners,Yuri,Lark,28,SP,45,40,50,20,20,20,20,30,50,50,45,65,50,45,95,90,62,83,stamina,on_track,Sixth-starter depth,Starter traits with enough pitch mix to stay in a rotation; workload growth is the main development goal. Best used as sixth-starter depth.
bos,Boston Noreasters,AA,Portland Harbor Fog,Zion,Sato,24,RP,40,35,55,20,20,20,25,30,45,45,35,30,60,40,67,55,67,96,velocity,on_track,Middle-relief shuttle candidate,Relief profile with one carrying pitch and room for command growth; velocity development drives the upside. Best used as middle-relief shuttle candidate.
bos,Boston Noreasters,AA,Portland Harbor Fog,Alonzo,Albright,24,RF,40,35,55,40,55,45,35,45,40,,,,,,78,62,72,72,fundamentals,on_track,Fourth-outfielder depth,Bat-first profile with enough impact to matter if the approach holds; fundamentals can turn the tools into a role. Best used as fourth-outfielder depth.
bos,Boston Noreasters,A_PLUS,Lowell Millraces,Bruno,Halberg,22,SS,35,25,55,35,35,35,40,55,35,,,,,,89,69,77,85,defense,on_track,Defense-first infield depth,Up-the-middle athlete with defensive value and pressure-speed traits; defense gives the profile a safer floor. Best used as defense-first infield depth.
bos,Boston Noreasters,A,Cape Cod Tideriders,Cassian,Ortega,21,SP,30,20,55,20,20,20,20,30,30,35,30,50,35,30,61,76,82,61,stamina,on_track,Developmental starter with strike-throwing base,Starter traits with enough pitch mix to stay in a rotation; workload growth is the main development goal. Best used as developmental starter with strike-throwing base.
bos,Boston Noreasters,ROOKIE,Salem Sea Glints,Diego,Yoon,19,C,25,20,50,25,30,30,20,40,30,,,,,,72,83,87,74,fundamentals,on_track,Young catcher / staff-handling project,Catcher with staff-handling traits and a realistic defensive path; fundamentals can turn the tools into a role. Best used as young catcher / staff-handling project.
bos,Boston Noreasters,INTERNATIONAL,San Pedro Noreaster Academy,Enzo,Frost,18,SS,25,20,55,25,25,25,30,45,25,,,,,,83,90,43,87,defense,on_track,Academy middle-infield glove project,Up-the-middle athlete with defensive value and pressure-speed traits; defense gives the profile a safer floor. Best used as academy middle-infield glove project.
bal,Baltimore Crab Cakes,AA,Patapsco Pinchers,Franco,Merritt,23,SP,50,45,70,20,20,20,20,30,55,55,55,60,55,60,58,60,55,65,refinement,ahead_of_curve,Top ranked pitching prospect / rotation or leverage upside,"Starter traits with enough pitch mix to stay in a rotation; refinement should decide the role. Fits the org identity around run prevention, framing, bullpen depth, and tough low-variance bats who fit a neutral/pitcher lean."
bal,Baltimore Crab Cakes,AA,Patapsco Pinchers,Griffin,Torres,23,C,45,40,70,45,45,45,35,65,50,,,,,,72,72,67,80,defense,ahead_of_curve,Impact follow prospect / everyday or rotation path,"Catcher with staff-handling traits and a realistic defensive path; defense gives the profile a safer floor. Fits the org identity around run prevention, framing, bullpen depth, and tough low-variance bats who fit a neutral/pitcher lean."
bal,Baltimore Crab Cakes,A_PLUS,Harborplace Mallets,Hayes,Briar,21,CF,40,35,60,40,40,35,50,55,40,,,,,,86,84,79,95,tools,on_track,Scarcity-position prospect / above-average role path,"Up-the-middle athlete with defensive value and pressure-speed traits; tools are ahead of current baseball skill. Fits the org identity around run prevention, framing, bullpen depth, and tough low-variance bats who fit a neutral/pitcher lean."
bal,Baltimore Crab Cakes,AA,Patapsco Pinchers,Ivan,Irizarry,22,RF,40,35,60,40,60,35,35,40,40,,,,,,61,96,42,73,power,on_track,Athletic regular upside,Bat-first profile with enough impact to matter if the approach holds; game power is the development focus. Best used as athletic regular upside.
bal,Baltimore Crab Cakes,AAA,Annapolis Hardshells,Jasper,Pryce,25,RP,50,45,60,20,20,20,25,30,55,55,45,40,70,55,75,66,54,88,velocity,on_track,Near-ready relief or swingman option,Relief profile with one carrying pitch and room for command growth; velocity development drives the upside. Best used as near-ready relief or swingman option.
bal,Baltimore Crab Cakes,A_PLUS,Harborplace Mallets,Kai,Yanez,21,RF,35,25,60,35,55,30,30,35,35,,,,,,89,78,66,66,power,on_track,Power or corner-depth prospect,Bat-first profile with enough impact to matter if the approach holds; game power is the development focus. Best used as power or corner-depth prospect.
bal,Baltimore Crab Cakes,A,Chesapeake Cakewalkers,Leland,Fujiwara,20,C,35,25,55,35,35,40,25,50,40,,,,,,64,90,78,81,fundamentals,on_track,Defense/speed development prospect,Catcher with staff-handling traits and a realistic defensive path; fundamentals can turn the tools into a role. Best used as defense/speed development prospect.
bal,Baltimore Crab Cakes,A,Chesapeake Cakewalkers,Marco,Matsu,20,CL,30,20,60,20,20,20,25,30,30,40,30,20,40,45,78,60,90,96,breaking,on_track,Raw arm with starter traits,Late-inning arm with leverage temperament and swing-and-miss shape; breaking-ball quality is the carrying skill. Best used as raw arm with starter traits.
bal,Baltimore Crab Cakes,ROOKIE,Inner Harbor Claws,Nestor,Varela,19,CF,30,20,60,30,25,30,35,50,30,,,,,,92,72,53,74,defense,bust_risk,Young bat with one loud carrying tool,Up-the-middle athlete with defensive value and pressure-speed traits; defense gives the profile a safer floor. Best used as young bat with one loud carrying tool.
bal,Baltimore Crab Cakes,INTERNATIONAL,Cartagena Crab Academy,Otis,Delrio,18,SP,30,20,60,20,20,20,20,30,30,35,30,50,35,35,67,84,65,89,stamina,bust_risk,International/rookie upside lottery ticket,Starter traits with enough pitch mix to stay in a rotation; workload growth is the main development goal. Best used as international/rookie upside lottery ticket.
bal,Baltimore Crab Cakes,AAA,Annapolis Hardshells,Paolo,Kessler,27,C,45,40,50,45,45,50,35,60,50,,,,,,87,83,49,82,fundamentals,on_track,Optionable catcher with receiving value,Catcher with staff-handling traits and a realistic defensive path; fundamentals can turn the tools into a role. Best used as optionable catcher with receiving value.
bal,Baltimore Crab Cakes,AAA,Annapolis Hardshells,Ramon,Rosales,26,2B,45,40,50,45,40,45,50,65,45,,,,,,59,90,54,95,defense,on_track,Utility infielder / contact bench bat,Up-the-middle athlete with defensive value and pressure-speed traits; defense gives the profile a safer floor. Best used as utility infielder / contact bench bat.
bal,Baltimore Crab Cakes,AAA,Annapolis Hardshells,Samir,Zoric,27,LF,45,40,50,45,55,50,40,50,45,,,,,,70,55,59,71,fundamentals,on_track,Left-handed bench outfield depth,Bat-first profile with enough impact to matter if the approach holds; fundamentals can turn the tools into a role. Best used as left-handed bench outfield depth.
bal,Baltimore Crab Cakes,AAA,Annapolis Hardshells,Tucker,Gomes,28,SP,45,40,50,20,20,20,20,30,50,50,45,65,50,50,81,62,64,84,stamina,on_track,Sixth-starter depth,Starter traits with enough pitch mix to stay in a rotation; workload growth is the main development goal. Best used as sixth-starter depth.
bal,Baltimore Crab Cakes,AA,Patapsco Pinchers,Vito,Nystrom,24,CL,40,35,55,20,20,20,25,30,45,50,40,30,50,55,92,69,69,60,breaking,on_track,Middle-relief shuttle candidate,Late-inning arm with leverage temperament and swing-and-miss shape; breaking-ball quality is the carrying skill. Best used as middle-relief shuttle candidate.
bal,Baltimore Crab Cakes,AA,Patapsco Pinchers,Weston,Wynn,24,RF,40,35,55,40,50,45,35,45,40,,,,,,64,76,74,73,fundamentals,on_track,Fourth-outfielder depth,Bat-first profile with enough impact to matter if the approach holds; fundamentals can turn the tools into a role. Best used as fourth-outfielder depth.
bal,Baltimore Crab Cakes,A_PLUS,Harborplace Mallets,Yahir,Espina,22,SS,35,25,55,35,30,35,40,55,35,,,,,,75,83,79,86,defense,on_track,Defense-first infield depth,Up-the-middle athlete with defensive value and pressure-speed traits; defense gives the profile a safer floor. Best used as defense-first infield depth.
bal,Baltimore Crab Cakes,A,Chesapeake Cakewalkers,Zeke,Lofton,21,SP,30,20,55,20,20,20,20,30,30,35,30,50,35,35,86,90,84,62,stamina,on_track,Developmental starter with strike-throwing base,Starter traits with enough pitch mix to stay in a rotation; workload growth is the main development goal. Best used as developmental starter with strike-throwing base.
bal,Baltimore Crab Cakes,ROOKIE,Inner Harbor Claws,Alden,Seldon,19,C,25,20,50,25,25,30,20,40,30,,,,,,58,55,89,75,fundamentals,on_track,Young catcher / staff-handling project,Catcher with staff-handling traits and a realistic defensive path; fundamentals can turn the tools into a role. Best used as young catcher / staff-handling project.
bal,Baltimore Crab Cakes,INTERNATIONAL,Cartagena Crab Academy,Brody,Ames,18,RP,25,20,55,20,20,20,25,30,25,30,20,20,45,30,69,62,45,88,velocity,on_track,Academy arm strength project,Relief profile with one carrying pitch and room for command growth; velocity development drives the upside. Best used as academy arm strength project.
wsh,Washington Monuments,A_PLUS,Potomac Pylons,Cade,Huxley,21,SS,40,35,65,40,40,35,50,55,40,,,,,,83,74,57,66,tools,on_track,Top ranked prospect / potential impact regular,"Up-the-middle athlete with defensive value and pressure-speed traits; tools are ahead of current baseball skill. Fits the org identity around polished college performers, defense, command, and careful rule 5 planning."
wsh,Washington Monuments,AA,Arlington Surveyors,Dante,Ocampo,23,3B,45,40,65,45,65,40,40,45,45,,,,,,58,86,69,81,power,on_track,Impact follow prospect / everyday or rotation path,"Bat-first profile with enough impact to matter if the approach holds; game power is the development focus. Fits the org identity around polished college performers, defense, command, and careful rule 5 planning."
wsh,Washington Monuments,A_PLUS,Potomac Pylons,Ezra,Winslow,21,2B,40,35,60,40,40,35,50,55,40,,,,,,72,56,81,96,tools,on_track,Scarcity-position prospect / above-average role path,"Up-the-middle athlete with defensive value and pressure-speed traits; tools are ahead of current baseball skill. Fits the org identity around polished college performers, defense, command, and careful rule 5 planning."
wsh,Washington Monuments,AA,Arlington Surveyors,Finnian,Escobar,22,SS,40,35,60,40,40,35,50,55,40,,,,,,86,68,44,74,tools,on_track,Athletic regular upside,Up-the-middle athlete with defensive value and pressure-speed traits; tools are ahead of current baseball skill. Best used as athletic regular upside.
wsh,Washington Monuments,AAA,Alexandria Obelisks,Gianni,Lazaro,25,RP,50,45,60,20,20,20,25,30,55,55,45,40,70,50,61,80,56,89,velocity,on_track,Near-ready relief or swingman option,Relief profile with one carrying pitch and room for command growth; velocity development drives the upside. Best used as near-ready relief or swingman option.
wsh,Washington Monuments,A_PLUS,Potomac Pylons,Holden,Toma,21,DH,35,25,60,35,55,30,30,35,35,,,,,,75,92,68,67,power,on_track,Power or corner-depth prospect,Bat-first profile with enough impact to matter if the approach holds; game power is the development focus. Best used as power or corner-depth prospect.
wsh,Washington Monuments,A,Georgetown Marblemen,Ismael,Carden,20,LF,35,25,55,35,45,40,30,40,35,,,,,,89,62,80,82,fundamentals,on_track,Defense/speed development prospect,Bat-first profile with enough impact to matter if the approach holds; fundamentals can turn the tools into a role. Best used as defense/speed development prospect.
wsh,Washington Monuments,A,Georgetown Marblemen,Jude,Jun,20,SP,30,20,60,20,20,20,20,30,30,35,30,50,35,30,64,74,43,60,stamina,on_track,Raw arm with starter traits,Starter traits with enough pitch mix to stay in a rotation; workload growth is the main development goal. Best used as raw arm with starter traits.
wsh,Washington Monuments,ROOKIE,Capitol Pedestals,Kieran,Quill,19,C,30,20,60,30,30,35,20,45,35,,,,,,78,86,55,75,fundamentals,bust_risk,Young bat with one loud carrying tool,Catcher with staff-handling traits and a realistic defensive path; fundamentals can turn the tools into a role. Best used as young bat with one loud carrying tool.
wsh,Washington Monuments,INTERNATIONAL,La Romana Monument Academy,Leandro,Ybarra,18,C,30,20,60,30,30,35,20,45,35,,,,,,92,56,67,90,fundamentals,bust_risk,International/rookie upside lottery ticket,Catcher with staff-handling traits and a realistic defensive path; fundamentals can turn the tools into a role. Best used as international/rookie upside lottery ticket.
wsh,Washington Monuments,AAA,Alexandria Obelisks,Micah,Farraday,27,C,45,40,50,45,45,50,35,60,50,,,,,,73,55,51,83,fundamentals,on_track,Optionable catcher with receiving value,Catcher with staff-handling traits and a realistic defensive path; fundamentals can turn the tools into a role. Best used as optionable catcher with receiving value.
wsh,Washington Monuments,AAA,Alexandria Obelisks,Niko,Mercado,26,3B,45,40,50,45,55,50,40,50,45,,,,,,84,62,56,96,fundamentals,on_track,Utility infielder / contact bench bat,Bat-first profile with enough impact to matter if the approach holds; fundamentals can turn the tools into a role. Best used as utility infielder / contact bench bat.
wsh,Washington Monuments,AAA,Alexandria Obelisks,Ozzie,Valen,27,LF,45,40,50,45,55,50,40,50,45,,,,,,95,69,61,72,fundamentals,on_track,Left-handed bench outfield depth,Bat-first profile with enough impact to matter if the approach holds; fundamentals can turn the tools into a role. Best used as left-handed bench outfield depth.
wsh,Washington Monuments,AAA,Alexandria Obelisks,Pierce,Dovek,28,SP,45,40,50,20,20,20,20,30,50,50,45,65,50,45,67,76,66,85,stamina,on_track,Sixth-starter depth,Starter traits with enough pitch mix to stay in a rotation; workload growth is the main development goal. Best used as sixth-starter depth.
wsh,Washington Monuments,AA,Arlington Surveyors,Rowan,Kepler,24,RP,40,35,55,20,20,20,25,30,45,45,35,30,60,40,78,83,71,61,velocity,on_track,Middle-relief shuttle candidate,Relief profile with one carrying pitch and room for command growth; velocity development drives the upside. Best used as middle-relief shuttle candidate.
wsh,Washington Monuments,AA,Arlington Surveyors,Sterling,Rivas,24,RF,40,35,55,40,50,45,35,45,40,,,,,,89,90,76,74,fundamentals,on_track,Fourth-outfielder depth,Bat-first profile with enough impact to matter if the approach holds; fundamentals can turn the tools into a role. Best used as fourth-outfielder depth.
wsh,Washington Monuments,A_PLUS,Potomac Pylons,Tristan,Zavala,22,SS,35,25,55,35,30,35,40,55,35,,,,,,61,55,81,87,defense,on_track,Defense-first infield depth,Up-the-middle athlete with defensive value and pressure-speed traits; defense gives the profile a safer floor. Best used as defense-first infield depth.
wsh,Washington Monuments,A,Georgetown Marblemen,Victor,Garnet,21,SP,30,20,55,20,20,20,20,30,30,35,30,50,35,30,72,62,86,63,stamina,on_track,Developmental starter with strike-throwing base,Starter traits with enough pitch mix to stay in a rotation; workload growth is the main development goal. Best used as developmental starter with strike-throwing base.
wsh,Washington Monuments,ROOKIE,Capitol Pedestals,Wyatt,Norcross,19,C,25,20,50,25,25,30,20,40,30,,,,,,83,69,42,76,fundamentals,on_track,Young catcher / staff-handling project,Catcher with staff-handling traits and a realistic defensive path; fundamentals can turn the tools into a role. Best used as young catcher / staff-handling project.
wsh,Washington Monuments,INTERNATIONAL,La Romana Monument Academy,Xander,Voss,18,SS,25,20,55,25,20,25,30,45,25,,,,,,94,76,47,89,defense,on_track,Academy middle-infield glove project,Up-the-middle athlete with defensive value and pressure-speed traits; defense gives the profile a safer floor. Best used as academy middle-infield glove project.
chi,Chicago Deep Dish,AA,Aurora Ovenbirds,Yosef,Duarte,22,1B,45,40,75,45,70,40,40,45,45,,,,,,69,88,59,67,power,ahead_of_curve,Top ranked prospect / potential impact regular,"Bat-first profile with enough impact to matter if the approach holds; game power is the development focus. Fits the org identity around big-body power, durable corner bats, and pitchers who can survive a hitter-friendly home park."
chi,Chicago Deep Dish,AA,Aurora Ovenbirds,Zev,Kovar,23,SP,45,40,65,20,20,20,20,30,50,50,50,55,50,50,83,58,71,82,refinement,on_track,Impact follow prospect / everyday or rotation path,"Starter traits with enough pitch mix to stay in a rotation; refinement should decide the role. Fits the org identity around big-body power, durable corner bats, and pitchers who can survive a hitter-friendly home park."
chi,Chicago Deep Dish,A_PLUS,Rockford Crustmakers,Ari,Toma,21,RP,40,35,65,20,20,20,25,30,40,45,35,30,60,40,58,70,83,60,velocity,on_track,Scarcity-position prospect / above-average role path,"Relief profile with one carrying pitch and room for command growth; velocity development drives the upside. Fits the org identity around big-body power, durable corner bats, and pitchers who can survive a hitter-friendly home park."
chi,Chicago Deep Dish,AA,Aurora Ovenbirds,Bento,Carden,22,LF,40,35,60,40,65,35,35,40,40,,,,,,72,82,46,75,power,on_track,Athletic regular upside,Bat-first profile with enough impact to matter if the approach holds; game power is the development focus. Best used as athletic regular upside.
chi,Chicago Deep Dish,AAA,Gary Steel Slices,Caleb,Jun,25,CL,50,45,60,20,20,20,25,30,55,60,50,40,60,60,86,94,58,90,breaking,on_track,Near-ready relief or swingman option,Late-inning arm with leverage temperament and swing-and-miss shape; breaking-ball quality is the carrying skill. Best used as near-ready relief or swingman option.
chi,Chicago Deep Dish,A_PLUS,Rockford Crustmakers,Dario,Quill,21,C,35,25,60,35,40,40,25,50,40,,,,,,61,64,70,68,fundamentals,on_track,Power or corner-depth prospect,Catcher with staff-handling traits and a realistic defensive path; fundamentals can turn the tools into a role. Best used as power or corner-depth prospect.
chi,Chicago Deep Dish,A,Cicero Saucehands,Elias,Ybarra,20,3B,35,25,55,35,50,40,30,40,35,,,,,,75,76,82,83,fundamentals,on_track,Defense/speed development prospect,Bat-first profile with enough impact to matter if the approach holds; fundamentals can turn the tools into a role. Best used as defense/speed development prospect.
chi,Chicago Deep Dish,A,Cicero Saucehands,Fynn,Farraday,20,RP,30,20,60,20,20,20,25,30,30,35,25,20,50,30,89,88,45,61,velocity,on_track,Raw arm with starter traits,Relief profile with one carrying pitch and room for command growth; velocity development drives the upside. Best used as raw arm with starter traits.
chi,Chicago Deep Dish,ROOKIE,Naperville Doughboys,Gideon,Mercado,19,DH,30,20,60,30,45,35,25,35,30,,,,,,64,58,57,76,fundamentals,bust_risk,Young bat with one loud carrying tool,Bat-first profile with enough impact to matter if the approach holds; fundamentals can turn the tools into a role. Best used as young bat with one loud carrying tool.
chi,Chicago Deep Dish,INTERNATIONAL,Santiago Deep Dish Academy,Harlan,Valen,18,RF,30,20,60,30,45,35,25,35,30,,,,,,78,70,69,91,fundamentals,bust_risk,International/rookie upside lottery ticket,Bat-first profile with enough impact to matter if the approach holds; fundamentals can turn the tools into a role. Best used as international/rookie upside lottery ticket.
chi,Chicago Deep Dish,AAA,Gary Steel Slices,Isaak,Dovek,27,C,45,40,50,45,50,50,35,60,50,,,,,,59,69,53,84,fundamentals,on_track,Optionable catcher with receiving value,Catcher with staff-handling traits and a realistic defensive path; fundamentals can turn the tools into a role. Best used as optionable catcher with receiving value.
chi,Chicago Deep Dish,AAA,Gary Steel Slices,Jalen,Kepler,26,2B,45,40,50,45,45,45,50,65,45,,,,,,70,76,58,60,defense,on_track,Utility infielder / contact bench bat,Up-the-middle athlete with defensive value and pressure-speed traits; defense gives the profile a safer floor. Best used as utility infielder / contact bench bat.
chi,Chicago Deep Dish,AAA,Gary Steel Slices,Keon,Rivas,27,CF,45,40,50,45,45,45,50,65,45,,,,,,81,83,63,73,defense,on_track,Left-handed bench outfield depth,Up-the-middle athlete with defensive value and pressure-speed traits; defense gives the profile a safer floor. Best used as left-handed bench outfield depth.
chi,Chicago Deep Dish,AAA,Gary Steel Slices,Luca,Zavala,28,SP,45,40,50,20,20,20,20,30,50,50,45,65,50,45,92,90,68,86,stamina,on_track,Sixth-starter depth,Starter traits with enough pitch mix to stay in a rotation; workload growth is the main development goal. Best used as sixth-starter depth.
chi,Chicago Deep Dish,AA,Aurora Ovenbirds,Mateo,Garnet,24,RP,40,35,55,20,20,20,25,30,45,45,35,30,60,40,64,55,73,62,velocity,on_track,Middle-relief shuttle candidate,Relief profile with one carrying pitch and room for command growth; velocity development drives the upside. Best used as middle-relief shuttle candidate.
chi,Chicago Deep Dish,AA,Aurora Ovenbirds,Nolan,Norcross,24,RF,40,35,55,40,55,45,35,45,40,,,,,,75,62,78,75,fundamentals,on_track,Fourth-outfielder depth,Bat-first profile with enough impact to matter if the approach holds; fundamentals can turn the tools into a role. Best used as fourth-outfielder depth.
chi,Chicago Deep Dish,A_PLUS,Rockford Crustmakers,Omar,Voss,22,SS,35,25,55,35,35,35,40,55,35,,,,,,86,69,83,88,defense,on_track,Defense-first infield depth,Up-the-middle athlete with defensive value and pressure-speed traits; defense gives the profile a safer floor. Best used as defense-first infield depth.
chi,Chicago Deep Dish,A,Cicero Saucehands,Pascal,Duarte,21,SP,30,20,55,20,20,20,20,30,30,35,30,50,35,30,58,76,88,64,stamina,on_track,Developmental starter with strike-throwing base,Starter traits with enough pitch mix to stay in a rotation; workload growth is the main development goal. Best used as developmental starter with strike-throwing base.
chi,Chicago Deep Dish,ROOKIE,Naperville Doughboys,Quinn,Kovar,19,C,25,20,50,25,30,30,20,40,30,,,,,,69,83,44,77,fundamentals,on_track,Young catcher / staff-handling project,Catcher with staff-handling traits and a realistic defensive path; fundamentals can turn the tools into a role. Best used as young catcher / staff-handling project.
chi,Chicago Deep Dish,INTERNATIONAL,Santiago Deep Dish Academy,Rafael,Severin,18,RP,25,20,55,20,20,20,25,30,25,30,20,20,45,25,80,90,49,90,velocity,on_track,Academy arm strength project,Relief profile with one carrying pitch and room for command growth; velocity development drives the upside. Best used as academy arm strength project.
det,Detroit Motor Kings,AA,Grand Rapids Axles,Silas,Bellweather,23,SP,45,40,65,20,20,20,20,30,50,50,50,55,50,55,94,60,61,68,refinement,on_track,Top ranked pitching prospect / rotation or leverage upside,"Starter traits with enough pitch mix to stay in a rotation; refinement should decide the role. Fits the org identity around mechanical pitching development, ground-ball defense, and steady up-the-middle players."
det,Detroit Motor Kings,AA,Grand Rapids Axles,Theo,Ives,23,RF,45,40,70,45,65,40,40,45,45,,,,,,69,72,73,83,power,ahead_of_curve,Impact follow prospect / everyday or rotation path,"Bat-first profile with enough impact to matter if the approach holds; game power is the development focus. Fits the org identity around mechanical pitching development, ground-ball defense, and steady up-the-middle players."
det,Detroit Motor Kings,A_PLUS,Flint Torque Works,Ulises,Paredes,21,1B,40,35,60,40,60,35,35,40,40,,,,,,83,84,85,61,power,on_track,Scarcity-position prospect / above-average role path,"Bat-first profile with enough impact to matter if the approach holds; game power is the development focus. Fits the org identity around mechanical pitching development, ground-ball defense, and steady up-the-middle players."
det,Detroit Motor Kings,AA,Grand Rapids Axles,Vidal,Wexler,22,C,40,35,60,40,40,40,30,60,45,,,,,,58,96,48,76,defense,on_track,Athletic regular upside,Catcher with staff-handling traits and a realistic defensive path; defense gives the profile a safer floor. Best used as athletic regular upside.
det,Detroit Motor Kings,AAA,Lansing Gearheads,Wes,Evers,25,SP,45,40,60,20,20,20,20,30,50,50,45,65,50,50,72,66,60,91,stamina,on_track,Near-ready relief or swingman option,Starter traits with enough pitch mix to stay in a rotation; workload growth is the main development goal. Best used as near-ready relief or swingman option.
det,Detroit Motor Kings,A_PLUS,Flint Torque Works,Xavi,Linton,21,2B,35,25,60,35,30,35,40,55,35,,,,,,86,78,72,69,defense,on_track,Power or corner-depth prospect,Up-the-middle athlete with defensive value and pressure-speed traits; defense gives the profile a safer floor. Best used as power or corner-depth prospect.
det,Detroit Motor Kings,A,Kalamazoo Carburetors,Yael,Tejada,20,RF,35,25,55,35,45,40,30,40,35,,,,,,61,90,84,84,fundamentals,on_track,Defense/speed development prospect,Bat-first profile with enough impact to matter if the approach holds; fundamentals can turn the tools into a role. Best used as defense/speed development prospect.
det,Detroit Motor Kings,A,Kalamazoo Carburetors,Zane,Carrow,20,SP,30,20,60,20,20,20,20,30,30,35,30,50,35,35,75,60,47,62,stamina,on_track,Raw arm with starter traits,Starter traits with enough pitch mix to stay in a rotation; workload growth is the main development goal. Best used as raw arm with starter traits.
det,Detroit Motor Kings,ROOKIE,Dearborn Dynamos,Emilio,Jurado,19,2B,30,20,60,30,25,30,35,50,30,,,,,,89,72,59,77,defense,bust_risk,Young bat with one loud carrying tool,Up-the-middle athlete with defensive value and pressure-speed traits; defense gives the profile a safer floor. Best used as young bat with one loud carrying tool.
det,Detroit Motor Kings,INTERNATIONAL,Valencia Motor Academy,Tomas,Quade,18,LF,30,20,60,30,40,35,25,35,30,,,,,,64,84,71,92,fundamentals,bust_risk,International/rookie upside lottery ticket,Bat-first profile with enough impact to matter if the approach holds; fundamentals can turn the tools into a role. Best used as international/rookie upside lottery ticket.
det,Detroit Motor Kings,AAA,Lansing Gearheads,Jonas,Yates,27,C,45,40,50,45,45,50,35,60,50,,,,,,84,83,55,85,fundamentals,on_track,Optionable catcher with receiving value,Catcher with staff-handling traits and a realistic defensive path; fundamentals can turn the tools into a role. Best used as optionable catcher with receiving value.
det,Detroit Motor Kings,AAA,Lansing Gearheads,Milo,Falk,26,2B,45,40,50,45,40,45,50,65,45,,,,,,95,90,60,61,defense,on_track,Utility infielder / contact bench bat,Up-the-middle athlete with defensive value and pressure-speed traits; defense gives the profile a safer floor. Best used as utility infielder / contact bench bat.
det,Detroit Motor Kings,AAA,Lansing Gearheads,Nico,Marin,27,LF,45,40,50,45,55,50,40,50,45,,,,,,67,55,65,74,fundamentals,on_track,Left-handed bench outfield depth,Bat-first profile with enough impact to matter if the approach holds; fundamentals can turn the tools into a role. Best used as left-handed bench outfield depth.
det,Detroit Motor Kings,AAA,Lansing Gearheads,Soren,Uribe,28,SP,45,40,50,20,20,20,20,30,50,50,45,65,50,50,78,62,70,87,stamina,on_track,Sixth-starter depth,Starter traits with enough pitch mix to stay in a rotation; workload growth is the main development goal. Best used as sixth-starter depth.
det,Detroit Motor Kings,AA,Grand Rapids Axles,Tariq,Canelo,24,CL,40,35,55,20,20,20,25,30,45,50,40,30,50,55,89,69,75,63,breaking,on_track,Middle-relief shuttle candidate,Late-inning arm with leverage temperament and swing-and-miss shape; breaking-ball quality is the carrying skill. Best used as middle-relief shuttle candidate.
det,Detroit Motor Kings,AA,Grand Rapids Axles,Andre,Jenkins,24,RF,40,35,55,40,50,45,35,45,40,,,,,,61,76,80,76,fundamentals,on_track,Fourth-outfielder depth,Bat-first profile with enough impact to matter if the approach holds; fundamentals can turn the tools into a role. Best used as fourth-outfielder depth.
det,Detroit Motor Kings,A_PLUS,Flint Torque Works,Cyrus,Rendon,22,SS,35,25,55,35,30,35,40,55,35,,,,,,72,83,85,89,defense,on_track,Defense-first infield depth,Up-the-middle athlete with defensive value and pressure-speed traits; defense gives the profile a safer floor. Best used as defense-first infield depth.
det,Detroit Motor Kings,A,Kalamazoo Carburetors,Damon,Abarca,21,SP,30,20,55,20,20,20,20,30,30,35,30,50,35,35,83,90,90,65,stamina,on_track,Developmental starter with strike-throwing base,Starter traits with enough pitch mix to stay in a rotation; workload growth is the main development goal. Best used as developmental starter with strike-throwing base.
det,Detroit Motor Kings,ROOKIE,Dearborn Dynamos,Felix,Harrow,19,C,25,20,50,25,25,30,20,40,30,,,,,,94,55,46,78,fundamentals,on_track,Young catcher / staff-handling project,Catcher with staff-handling traits and a realistic defensive path; fundamentals can turn the tools into a role. Best used as young catcher / staff-handling project.
det,Detroit Motor Kings,INTERNATIONAL,Valencia Motor Academy,Gavin,Okafor,18,SS,25,20,55,25,20,25,30,45,25,,,,,,66,62,51,91,defense,on_track,Academy middle-infield glove project,Up-the-middle athlete with defensive value and pressure-speed traits; defense gives the profile a safer floor. Best used as academy middle-infield glove project.
cle,Cleveland Forge,A_PLUS,Youngstown Blast Furnaces,Hugo,Velas,21,SP,45,40,70,20,20,20,20,30,45,55,45,55,50,60,80,74,63,69,breaking,ahead_of_curve,Top ranked pitching prospect / rotation or leverage upside,"Starter traits with enough pitch mix to stay in a rotation; breaking-ball quality is the carrying skill. Fits the org identity around pitching factory identity: command, movement, and defenders who turn extra outs into wins."
cle,Cleveland Forge,AA,Erie Hammerfall,Ilya,Daschle,23,SP,45,40,65,20,20,20,20,30,50,50,55,55,45,50,94,86,75,84,control,on_track,Impact follow prospect / everyday or rotation path,"Starter traits with enough pitch mix to stay in a rotation; command is the separator. Fits the org identity around pitching factory identity: command, movement, and defenders who turn extra outs into wins."
cle,Cleveland Forge,A_PLUS,Youngstown Blast Furnaces,Joaquin,Kimura,21,C,40,35,60,40,40,40,30,65,45,,,,,,69,56,87,62,defense,on_track,Scarcity-position prospect / above-average role path,"Catcher with staff-handling traits and a realistic defensive path; defense gives the profile a safer floor. Fits the org identity around pitching factory identity: command, movement, and defenders who turn extra outs into wins."
cle,Cleveland Forge,AA,Erie Hammerfall,Kaito,Solberg,22,2B,40,35,60,40,40,35,50,60,40,,,,,,83,68,50,77,tools,on_track,Athletic regular upside,Up-the-middle athlete with defensive value and pressure-speed traits; tools are ahead of current baseball skill. Best used as athletic regular upside.
cle,Cleveland Forge,AAA,Akron Anvils,Leon,Bexley,25,RP,50,45,60,20,20,20,25,30,55,55,45,40,70,55,58,80,62,92,velocity,on_track,Near-ready relief or swingman option,Relief profile with one carrying pitch and room for command growth; velocity development drives the upside. Best used as near-ready relief or swingman option.
cle,Cleveland Forge,A_PLUS,Youngstown Blast Furnaces,Malik,Ibarra,21,3B,35,25,60,35,55,30,30,40,35,,,,,,72,92,74,70,power,on_track,Power or corner-depth prospect,Bat-first profile with enough impact to matter if the approach holds; game power is the development focus. Best used as power or corner-depth prospect.
cle,Cleveland Forge,A,Canton Steelhands,Noel,Prado,20,SS,35,25,55,35,30,35,40,60,35,,,,,,86,62,86,85,defense,on_track,Defense/speed development prospect,Up-the-middle athlete with defensive value and pressure-speed traits; defense gives the profile a safer floor. Best used as defense/speed development prospect.
cle,Cleveland Forge,A,Canton Steelhands,Orion,Walden,20,RP,30,20,60,20,20,20,25,30,30,35,25,20,50,35,61,74,49,63,velocity,on_track,Raw arm with starter traits,Relief profile with one carrying pitch and room for command growth; velocity development drives the upside. Best used as raw arm with starter traits.
cle,Cleveland Forge,ROOKIE,Lake Erie Tongs,Pavel,Eldridge,19,3B,30,20,60,30,40,35,25,40,30,,,,,,75,86,61,78,fundamentals,bust_risk,Young bat with one loud carrying tool,Bat-first profile with enough impact to matter if the approach holds; fundamentals can turn the tools into a role. Best used as young bat with one loud carrying tool.
cle,Cleveland Forge,INTERNATIONAL,Maracay Forge Academy,Rey,Lagos,18,RP,30,20,60,20,20,20,25,30,30,35,25,20,50,35,89,56,73,93,velocity,bust_risk,International/rookie upside lottery ticket,Relief profile with one carrying pitch and room for command growth; velocity development drives the upside. Best used as international/rookie upside lottery ticket.
cle,Cleveland Forge,AAA,Akron Anvils,Santos,Tavares,27,C,45,40,50,45,45,50,35,65,50,,,,,,70,55,57,86,fundamentals,on_track,Optionable catcher with receiving value,Catcher with staff-handling traits and a realistic defensive path; fundamentals can turn the tools into a role. Best used as optionable catcher with receiving value.
cle,Cleveland Forge,AAA,Akron Anvils,Talen,Bravik,26,2B,45,40,50,45,40,45,50,70,45,,,,,,81,62,62,62,defense,on_track,Utility infielder / contact bench bat,Up-the-middle athlete with defensive value and pressure-speed traits; defense gives the profile a safer floor. Best used as utility infielder / contact bench bat.
cle,Cleveland Forge,AAA,Akron Anvils,Uri,Inoa,27,LF,45,40,50,45,55,50,40,55,45,,,,,,92,69,67,75,fundamentals,on_track,Left-handed bench outfield depth,Bat-first profile with enough impact to matter if the approach holds; fundamentals can turn the tools into a role. Best used as left-handed bench outfield depth.
cle,Cleveland Forge,AAA,Akron Anvils,Vaughn,Paloma,28,SP,45,40,50,20,20,20,20,30,50,50,45,65,50,50,64,76,72,88,stamina,on_track,Sixth-starter depth,Starter traits with enough pitch mix to stay in a rotation; workload growth is the main development goal. Best used as sixth-starter depth.
cle,Cleveland Forge,AA,Erie Hammerfall,Wade,Zuniga,24,RP,40,35,55,20,20,20,25,30,45,45,35,30,60,45,75,83,77,64,velocity,on_track,Middle-relief shuttle candidate,Relief profile with one carrying pitch and room for command growth; velocity development drives the upside. Best used as middle-relief shuttle candidate.
cle,Cleveland Forge,AA,Erie Hammerfall,Yuri,Gallardo,24,RF,40,35,55,40,50,45,35,50,40,,,,,,86,90,82,77,fundamentals,on_track,Fourth-outfielder depth,Bat-first profile with enough impact to matter if the approach holds; fundamentals can turn the tools into a role. Best used as fourth-outfielder depth.
cle,Cleveland Forge,A_PLUS,Youngstown Blast Furnaces,Zion,Nadeau,22,SS,35,25,55,35,30,35,40,60,35,,,,,,58,55,87,90,defense,on_track,Defense-first infield depth,Up-the-middle athlete with defensive value and pressure-speed traits; defense gives the profile a safer floor. Best used as defense-first infield depth.
cle,Cleveland Forge,A,Canton Steelhands,Alonzo,Upton,21,SP,30,20,55,20,20,20,20,30,30,35,30,50,35,35,69,62,43,66,stamina,on_track,Developmental starter with strike-throwing base,Starter traits with enough pitch mix to stay in a rotation; workload growth is the main development goal. Best used as developmental starter with strike-throwing base.
cle,Cleveland Forge,ROOKIE,Lake Erie Tongs,Bruno,Cruzado,19,C,25,20,50,25,25,30,20,45,30,,,,,,80,69,48,79,fundamentals,on_track,Young catcher / staff-handling project,Catcher with staff-handling traits and a realistic defensive path; fundamentals can turn the tools into a role. Best used as young catcher / staff-handling project.
cle,Cleveland Forge,INTERNATIONAL,Maracay Forge Academy,Cassian,Jasso,18,RP,25,20,55,20,20,20,25,30,25,30,20,20,45,30,91,76,53,92,velocity,on_track,Academy arm strength project,Relief profile with one carrying pitch and room for command growth; velocity development drives the upside. Best used as academy arm strength project.
col,Columbus Wayfinders,AA,Toledo Scarlet Acorns,Diego,Rinaldi,22,2B,45,40,65,45,45,40,55,60,45,,,,,,66,88,65,70,tools,on_track,Top ranked prospect / potential impact regular,"Up-the-middle athlete with defensive value and pressure-speed traits; tools are ahead of current baseball skill. Fits the org identity around balanced college performers, high makeup, and flexible position players with clear roles."
col,Columbus Wayfinders,AA,Toledo Scarlet Acorns,Enzo,Arden,23,SP,45,40,65,20,20,20,20,30,50,50,50,55,50,50,80,58,77,85,refinement,on_track,Impact follow prospect / everyday or rotation path,"Starter traits with enough pitch mix to stay in a rotation; refinement should decide the role. Fits the org identity around balanced college performers, high makeup, and flexible position players with clear roles."
col,Columbus Wayfinders,A_PLUS,Athens Campus Foxes,Franco,Hollis,21,C,40,35,60,40,40,40,30,60,45,,,,,,94,70,89,63,defense,on_track,Scarcity-position prospect / above-average role path,"Catcher with staff-handling traits and a realistic defensive path; defense gives the profile a safer floor. Fits the org identity around balanced college performers, high makeup, and flexible position players with clear roles."
col,Columbus Wayfinders,AA,Toledo Scarlet Acorns,Griffin,Osuna,22,CF,40,35,60,40,40,35,50,55,40,,,,,,69,82,52,78,tools,on_track,Athletic regular upside,Up-the-middle athlete with defensive value and pressure-speed traits; tools are ahead of current baseball skill. Best used as athletic regular upside.
col,Columbus Wayfinders,AAA,Dayton Night Oaks,Hayes,Virelli,25,RP,50,45,60,20,20,20,25,30,55,55,45,40,70,50,83,94,64,93,velocity,on_track,Near-ready relief or swingman option,Relief profile with one carrying pitch and room for command growth; velocity development drives the upside. Best used as near-ready relief or swingman option.
col,Columbus Wayfinders,A_PLUS,Athens Campus Foxes,Ivan,Decker,21,3B,35,25,60,35,55,30,30,35,35,,,,,,58,64,76,71,power,on_track,Power or corner-depth prospect,Bat-first profile with enough impact to matter if the approach holds; game power is the development focus. Best used as power or corner-depth prospect.
col,Columbus Wayfinders,A,Springfield Seedlings,Jasper,Korman,20,SS,35,25,55,35,30,35,40,55,35,,,,,,72,76,88,86,defense,on_track,Defense/speed development prospect,Up-the-middle athlete with defensive value and pressure-speed traits; defense gives the profile a safer floor. Best used as defense/speed development prospect.
col,Columbus Wayfinders,A,Springfield Seedlings,Kai,Stellan,20,SP,30,20,60,20,20,20,20,30,30,35,30,50,35,30,86,88,51,64,stamina,on_track,Raw arm with starter traits,Starter traits with enough pitch mix to stay in a rotation; workload growth is the main development goal. Best used as raw arm with starter traits.
col,Columbus Wayfinders,ROOKIE,Newark Nutcrackers,Leland,Amador,19,RF,30,20,60,30,40,35,25,35,30,,,,,,61,58,63,79,fundamentals,bust_risk,Young bat with one loud carrying tool,Bat-first profile with enough impact to matter if the approach holds; fundamentals can turn the tools into a role. Best used as young bat with one loud carrying tool.
col,Columbus Wayfinders,INTERNATIONAL,Puerto Plata Wayfinder Academy,Marco,Hoshino,18,2B,30,20,60,30,25,30,35,50,30,,,,,,75,70,75,94,defense,bust_risk,International/rookie upside lottery ticket,Up-the-middle athlete with defensive value and pressure-speed traits; defense gives the profile a safer floor. Best used as international/rookie upside lottery ticket.
col,Columbus Wayfinders,AAA,Dayton Night Oaks,Nestor,Otero,27,C,45,40,50,45,45,50,35,60,50,,,,,,95,69,59,87,fundamentals,on_track,Optionable catcher with receiving value,Catcher with staff-handling traits and a realistic defensive path; fundamentals can turn the tools into a role. Best used as optionable catcher with receiving value.
col,Columbus Wayfinders,AAA,Dayton Night Oaks,Otis,Yoshida,26,3B,45,40,50,45,55,50,40,50,45,,,,,,67,76,64,63,fundamentals,on_track,Utility infielder / contact bench bat,Bat-first profile with enough impact to matter if the approach holds; fundamentals can turn the tools into a role. Best used as utility infielder / contact bench bat.
col,Columbus Wayfinders,AAA,Dayton Night Oaks,Paolo,Fenn,27,LF,45,40,50,45,55,50,40,50,45,,,,,,78,83,69,76,fundamentals,on_track,Left-handed bench outfield depth,Bat-first profile with enough impact to matter if the approach holds; fundamentals can turn the tools into a role. Best used as left-handed bench outfield depth.
col,Columbus Wayfinders,AAA,Dayton Night Oaks,Ramon,Montano,28,SP,45,40,50,20,20,20,20,30,50,50,45,65,50,45,89,90,74,89,stamina,on_track,Sixth-starter depth,Starter traits with enough pitch mix to stay in a rotation; workload growth is the main development goal. Best used as sixth-starter depth.
col,Columbus Wayfinders,AA,Toledo Scarlet Acorns,Samir,Talbot,24,RP,40,35,55,20,20,20,25,30,45,45,35,30,60,40,61,55,79,65,velocity,on_track,Middle-relief shuttle candidate,Relief profile with one carrying pitch and room for command growth; velocity development drives the upside. Best used as middle-relief shuttle candidate.
col,Columbus Wayfinders,AA,Toledo Scarlet Acorns,Tucker,Barrow,24,RF,40,35,55,40,50,45,35,45,40,,,,,,72,62,84,78,fundamentals,on_track,Fourth-outfielder depth,Bat-first profile with enough impact to matter if the approach holds; fundamentals can turn the tools into a role. Best used as fourth-outfielder depth.
col,Columbus Wayfinders,A_PLUS,Athens Campus Foxes,Vito,Ibarra,22,SS,35,25,55,35,30,35,40,55,35,,,,,,83,69,89,91,defense,on_track,Defense-first infield depth,Up-the-middle athlete with defensive value and pressure-speed traits; defense gives the profile a safer floor. Best used as defense-first infield depth.
col,Columbus Wayfinders,A,Springfield Seedlings,Weston,Park,21,SP,30,20,55,20,20,20,20,30,30,35,30,50,35,30,94,76,45,67,stamina,on_track,Developmental starter with strike-throwing base,Starter traits with enough pitch mix to stay in a rotation; workload growth is the main development goal. Best used as developmental starter with strike-throwing base.
col,Columbus Wayfinders,ROOKIE,Newark Nutcrackers,Yahir,Zamora,19,C,25,20,50,25,25,30,20,40,30,,,,,,66,83,50,80,fundamentals,on_track,Young catcher / staff-handling project,Catcher with staff-handling traits and a realistic defensive path; fundamentals can turn the tools into a role. Best used as young catcher / staff-handling project.
col,Columbus Wayfinders,INTERNATIONAL,Puerto Plata Wayfinder Academy,Zeke,Gable,18,SS,25,20,55,25,20,25,30,45,25,,,,,,77,90,55,93,defense,on_track,Academy middle-infield glove project,Up-the-middle athlete with defensive value and pressure-speed traits; defense gives the profile a safer floor. Best used as academy middle-infield glove project.
pit,Pittsburgh Smokestack,AA,Erie Chimney Swifts,Alden,Novak,23,SP,50,45,70,20,20,20,20,30,55,60,50,60,55,65,91,60,67,71,breaking,ahead_of_curve,Top ranked pitching prospect / rotation or leverage upside,"Starter traits with enough pitch mix to stay in a rotation; breaking-ball quality is the carrying skill. Fits the org identity around pitching, defense, and grinder bats shaped for a pitcher-leaning park."
pit,Pittsburgh Smokestack,AA,Erie Chimney Swifts,Brody,Ullman,23,SS,45,40,70,45,45,40,55,65,45,,,,,,66,72,79,86,tools,ahead_of_curve,Impact follow prospect / everyday or rotation path,"Up-the-middle athlete with defensive value and pressure-speed traits; tools are ahead of current baseball skill. Fits the org identity around pitching, defense, and grinder bats shaped for a pitcher-leaning park."
pit,Pittsburgh Smokestack,A_PLUS,Wheeling Coaljacks,Cade,Corvin,21,SP,40,35,60,20,20,20,20,30,40,45,50,50,40,45,80,84,42,64,control,on_track,Scarcity-position prospect / above-average role path,"Starter traits with enough pitch mix to stay in a rotation; command is the separator. Fits the org identity around pitching, defense, and grinder bats shaped for a pitcher-leaning park."
pit,Pittsburgh Smokestack,AA,Erie Chimney Swifts,Dante,Jovic,22,3B,40,35,60,40,60,35,35,45,40,,,,,,94,96,54,79,power,on_track,Athletic regular upside,Bat-first profile with enough impact to matter if the approach holds; game power is the development focus. Best used as athletic regular upside.
pit,Pittsburgh Smokestack,AAA,Altoona Blacktops,Ezra,Rocha,25,CL,50,45,60,20,20,20,25,30,55,60,50,40,60,65,69,66,66,94,breaking,on_track,Near-ready relief or swingman option,Late-inning arm with leverage temperament and swing-and-miss shape; breaking-ball quality is the carrying skill. Best used as near-ready relief or swingman option.
pit,Pittsburgh Smokestack,A_PLUS,Wheeling Coaljacks,Finnian,Zeller,21,1B,35,25,60,35,55,30,30,40,35,,,,,,83,78,78,72,power,on_track,Power or corner-depth prospect,Bat-first profile with enough impact to matter if the approach holds; game power is the development focus. Best used as power or corner-depth prospect.
pit,Pittsburgh Smokestack,A,Johnstown Soot Owls,Gianni,Gaitan,20,2B,35,25,55,35,30,35,40,60,35,,,,,,58,90,90,87,defense,on_track,Defense/speed development prospect,Up-the-middle athlete with defensive value and pressure-speed traits; defense gives the profile a safer floor. Best used as defense/speed development prospect.
pit,Pittsburgh Smokestack,A,Johnstown Soot Owls,Holden,Noriega,20,RP,30,20,60,20,20,20,25,30,30,35,25,20,50,35,72,60,53,65,velocity,on_track,Raw arm with starter traits,Relief profile with one carrying pitch and room for command growth; velocity development drives the upside. Best used as raw arm with starter traits.
pit,Pittsburgh Smokestack,ROOKIE,Monongahela Flues,Ismael,Wirth,19,LF,30,20,60,30,40,35,25,40,30,,,,,,86,72,65,80,fundamentals,bust_risk,Young bat with one loud carrying tool,Bat-first profile with enough impact to matter if the approach holds; fundamentals can turn the tools into a role. Best used as young bat with one loud carrying tool.
pit,Pittsburgh Smokestack,INTERNATIONAL,Barquisimeto Smokestack Academy,Jude,Easton,18,SS,30,20,60,30,25,30,35,55,30,,,,,,61,84,77,95,defense,bust_risk,International/rookie upside lottery ticket,Up-the-middle athlete with defensive value and pressure-speed traits; defense gives the profile a safer floor. Best used as international/rookie upside lottery ticket.
pit,Pittsburgh Smokestack,AAA,Altoona Blacktops,Kieran,Lark,27,C,45,40,50,45,45,50,35,65,50,,,,,,81,83,61,88,fundamentals,on_track,Optionable catcher with receiving value,Catcher with staff-handling traits and a realistic defensive path; fundamentals can turn the tools into a role. Best used as optionable catcher with receiving value.
pit,Pittsburgh Smokestack,AAA,Altoona Blacktops,Leandro,Sato,26,2B,45,40,50,45,40,45,50,70,45,,,,,,92,90,66,64,defense,on_track,Utility infielder / contact bench bat,Up-the-middle athlete with defensive value and pressure-speed traits; defense gives the profile a safer floor. Best used as utility infielder / contact bench bat.
pit,Pittsburgh Smokestack,AAA,Altoona Blacktops,Micah,Albright,27,LF,45,40,50,45,55,50,40,55,45,,,,,,64,55,71,77,fundamentals,on_track,Left-handed bench outfield depth,Bat-first profile with enough impact to matter if the approach holds; fundamentals can turn the tools into a role. Best used as left-handed bench outfield depth.
pit,Pittsburgh Smokestack,AAA,Altoona Blacktops,Niko,Halberg,28,SP,45,40,50,20,20,20,20,30,50,50,45,65,50,50,75,62,76,90,stamina,on_track,Sixth-starter depth,Starter traits with enough pitch mix to stay in a rotation; workload growth is the main development goal. Best used as sixth-starter depth.
pit,Pittsburgh Smokestack,AA,Erie Chimney Swifts,Ozzie,Ortega,24,CL,40,35,55,20,20,20,25,30,45,50,40,30,50,55,86,69,81,66,breaking,on_track,Middle-relief shuttle candidate,Late-inning arm with leverage temperament and swing-and-miss shape; breaking-ball quality is the carrying skill. Best used as middle-relief shuttle candidate.
pit,Pittsburgh Smokestack,AA,Erie Chimney Swifts,Pierce,Yoon,24,RF,40,35,55,40,50,45,35,50,40,,,,,,58,76,86,79,fundamentals,on_track,Fourth-outfielder depth,Bat-first profile with enough impact to matter if the approach holds; fundamentals can turn the tools into a role. Best used as fourth-outfielder depth.
pit,Pittsburgh Smokestack,A_PLUS,Wheeling Coaljacks,Rowan,Frost,22,SS,35,25,55,35,30,35,40,60,35,,,,,,69,83,42,92,defense,on_track,Defense-first infield depth,Up-the-middle athlete with defensive value and pressure-speed traits; defense gives the profile a safer floor. Best used as defense-first infield depth.
pit,Pittsburgh Smokestack,A,Johnstown Soot Owls,Sterling,Merritt,21,SP,30,20,55,20,20,20,20,30,30,35,30,50,35,35,80,90,47,68,stamina,on_track,Developmental starter with strike-throwing base,Starter traits with enough pitch mix to stay in a rotation; workload growth is the main development goal. Best used as developmental starter with strike-throwing base.
pit,Pittsburgh Smokestack,ROOKIE,Monongahela Flues,Tristan,Torres,19,C,25,20,50,25,25,30,20,45,30,,,,,,91,55,52,81,fundamentals,on_track,Young catcher / staff-handling project,Catcher with staff-handling traits and a realistic defensive path; fundamentals can turn the tools into a role. Best used as young catcher / staff-handling project.
pit,Pittsburgh Smokestack,INTERNATIONAL,Barquisimeto Smokestack Academy,Victor,Briar,18,RP,25,20,55,20,20,20,25,30,25,30,20,20,45,30,63,62,57,94,velocity,on_track,Academy arm strength project,Relief profile with one carrying pitch and room for command growth; velocity development drives the upside. Best used as academy arm strength project.
kc,Kansas City BBQ Fountains,AAA,Wichita Pitmasters,Wyatt,Irizarry,24,CF,50,45,70,50,50,45,60,65,50,,,,,,77,74,69,72,tools,ahead_of_curve,Top ranked prospect / potential impact regular,"Up-the-middle athlete with defensive value and pressure-speed traits; tools are ahead of current baseball skill. Fits the org identity around speed, defense, and affordable depth; avoid stacking extra 80-grade minor leaguers because kc already has cornerstone overrides."
kc,Kansas City BBQ Fountains,AA,Topeka Sauce Kings,Xander,Pryce,23,CF,45,40,65,45,45,40,55,60,45,,,,,,91,86,81,87,tools,on_track,Impact follow prospect / everyday or rotation path,"Up-the-middle athlete with defensive value and pressure-speed traits; tools are ahead of current baseball skill. Fits the org identity around speed, defense, and affordable depth; avoid stacking extra 80-grade minor leaguers because kc already has cornerstone overrides."
kc,Kansas City BBQ Fountains,A_PLUS,Omaha Smoke Rings,Yosef,Yanez,21,SS,40,35,65,40,40,35,50,55,40,,,,,,66,56,44,65,tools,on_track,Scarcity-position prospect / above-average role path,"Up-the-middle athlete with defensive value and pressure-speed traits; tools are ahead of current baseball skill. Fits the org identity around speed, defense, and affordable depth; avoid stacking extra 80-grade minor leaguers because kc already has cornerstone overrides."
kc,Kansas City BBQ Fountains,AA,Topeka Sauce Kings,Zev,Fujiwara,22,SP,40,35,60,20,20,20,20,30,45,45,40,60,45,40,80,68,56,80,stamina,on_track,Athletic regular upside,Starter traits with enough pitch mix to stay in a rotation; workload growth is the main development goal. Best used as athletic regular upside.
kc,Kansas City BBQ Fountains,AAA,Wichita Pitmasters,Ari,Noriega,25,SP,45,40,60,20,20,20,20,30,50,50,45,65,50,45,94,80,68,95,stamina,on_track,Near-ready relief or swingman option,Starter traits with enough pitch mix to stay in a rotation; workload growth is the main development goal. Best used as near-ready relief or swingman option.
kc,Kansas City BBQ Fountains,A_PLUS,Omaha Smoke Rings,Bento,Wirth,21,LF,35,25,60,35,55,30,30,35,35,,,,,,69,92,80,73,power,on_track,Power or corner-depth prospect,Bat-first profile with enough impact to matter if the approach holds; game power is the development focus. Best used as power or corner-depth prospect.
kc,Kansas City BBQ Fountains,A,Lawrence Burnt Ends,Caleb,Easton,20,CF,35,25,55,35,30,35,40,55,35,,,,,,83,62,43,88,defense,on_track,Defense/speed development prospect,Up-the-middle athlete with defensive value and pressure-speed traits; defense gives the profile a safer floor. Best used as defense/speed development prospect.
kc,Kansas City BBQ Fountains,A,Lawrence Burnt Ends,Dario,Lark,20,SP,30,20,60,20,20,20,20,30,30,35,30,50,35,30,58,74,55,66,stamina,on_track,Raw arm with starter traits,Starter traits with enough pitch mix to stay in a rotation; workload growth is the main development goal. Best used as raw arm with starter traits.
kc,Kansas City BBQ Fountains,ROOKIE,Independence Rib Tips,Elias,Sato,19,1B,30,20,60,30,40,35,25,35,30,,,,,,72,86,67,81,fundamentals,bust_risk,Young bat with one loud carrying tool,Bat-first profile with enough impact to matter if the approach holds; fundamentals can turn the tools into a role. Best used as young bat with one loud carrying tool.
kc,Kansas City BBQ Fountains,INTERNATIONAL,Managua BBQ Academy,Fynn,Albright,18,CF,30,20,60,30,25,30,35,50,30,,,,,,86,56,79,96,defense,bust_risk,International/rookie upside lottery ticket,Up-the-middle athlete with defensive value and pressure-speed traits; defense gives the profile a safer floor. Best used as international/rookie upside lottery ticket.
kc,Kansas City BBQ Fountains,AAA,Wichita Pitmasters,Gideon,Halberg,27,C,45,40,50,45,45,50,35,60,50,,,,,,67,55,63,89,fundamentals,on_track,Optionable catcher with receiving value,Catcher with staff-handling traits and a realistic defensive path; fundamentals can turn the tools into a role. Best used as optionable catcher with receiving value.
kc,Kansas City BBQ Fountains,AAA,Wichita Pitmasters,Harlan,Ortega,26,2B,45,40,50,45,40,45,50,65,45,,,,,,78,62,68,65,defense,on_track,Utility infielder / contact bench bat,Up-the-middle athlete with defensive value and pressure-speed traits; defense gives the profile a safer floor. Best used as utility infielder / contact bench bat.
kc,Kansas City BBQ Fountains,AAA,Wichita Pitmasters,Isaak,Yoon,27,CF,45,40,50,45,40,45,50,65,45,,,,,,89,69,73,78,defense,on_track,Left-handed bench outfield depth,Up-the-middle athlete with defensive value and pressure-speed traits; defense gives the profile a safer floor. Best used as left-handed bench outfield depth.
kc,Kansas City BBQ Fountains,AAA,Wichita Pitmasters,Jalen,Frost,28,SP,45,40,50,20,20,20,20,30,50,50,45,65,50,45,61,76,78,91,stamina,on_track,Sixth-starter depth,Starter traits with enough pitch mix to stay in a rotation; workload growth is the main development goal. Best used as sixth-starter depth.
kc,Kansas City BBQ Fountains,AA,Topeka Sauce Kings,Keon,Merritt,24,RP,40,35,55,20,20,20,25,30,45,45,35,30,60,40,72,83,83,67,velocity,on_track,Middle-relief shuttle candidate,Relief profile with one carrying pitch and room for command growth; velocity development drives the upside. Best used as middle-relief shuttle candidate.
kc,Kansas City BBQ Fountains,AA,Topeka Sauce Kings,Luca,Torres,24,RF,40,35,55,40,50,45,35,45,40,,,,,,83,90,88,80,fundamentals,on_track,Fourth-outfielder depth,Bat-first profile with enough impact to matter if the approach holds; fundamentals can turn the tools into a role. Best used as fourth-outfielder depth.
kc,Kansas City BBQ Fountains,A_PLUS,Omaha Smoke Rings,Mateo,Briar,22,SS,35,25,55,35,30,35,40,55,35,,,,,,94,55,44,93,defense,on_track,Defense-first infield depth,Up-the-middle athlete with defensive value and pressure-speed traits; defense gives the profile a safer floor. Best used as defense-first infield depth.
kc,Kansas City BBQ Fountains,A,Lawrence Burnt Ends,Nolan,Irizarry,21,SP,30,20,55,20,20,20,20,30,30,35,30,50,35,30,66,62,49,69,stamina,on_track,Developmental starter with strike-throwing base,Starter traits with enough pitch mix to stay in a rotation; workload growth is the main development goal. Best used as developmental starter with strike-throwing base.
kc,Kansas City BBQ Fountains,ROOKIE,Independence Rib Tips,Omar,Pryce,19,C,25,20,50,25,25,30,20,40,30,,,,,,77,69,54,82,fundamentals,on_track,Young catcher / staff-handling project,Catcher with staff-handling traits and a realistic defensive path; fundamentals can turn the tools into a role. Best used as young catcher / staff-handling project.
kc,Kansas City BBQ Fountains,INTERNATIONAL,Managua BBQ Academy,Pascal,Yanez,18,SS,25,20,55,25,20,25,30,45,25,,,,,,88,76,59,95,defense,on_track,Academy middle-infield glove project,Up-the-middle athlete with defensive value and pressure-speed traits; defense gives the profile a safer floor. Best used as academy middle-infield glove project.
msp,Minneapolis Frost Giants,A_PLUS,Rochester Snowdrifts,Quinn,Fujiwara,21,RF,40,35,70,40,60,35,35,40,40,,,,,,63,88,71,73,power,ahead_of_curve,Top ranked prospect / potential impact regular,"Bat-first profile with enough impact to matter if the approach holds; game power is the development focus. Fits the org identity around cold-weather strength, athletic outfielders, power arms, and durable two-way competitors."
msp,Minneapolis Frost Giants,AA,Duluth Lake Giants,Rafael,Matsu,23,C,45,40,65,45,45,45,35,65,50,,,,,,77,58,83,88,defense,on_track,Impact follow prospect / everyday or rotation path,"Catcher with staff-handling traits and a realistic defensive path; defense gives the profile a safer floor. Fits the org identity around cold-weather strength, athletic outfielders, power arms, and durable two-way competitors."
msp,Minneapolis Frost Giants,A_PLUS,Rochester Snowdrifts,Silas,Varela,21,CF,40,35,60,40,40,35,50,55,40,,,,,,91,70,46,66,tools,on_track,Scarcity-position prospect / above-average role path,"Up-the-middle athlete with defensive value and pressure-speed traits; tools are ahead of current baseball skill. Fits the org identity around cold-weather strength, athletic outfielders, power arms, and durable two-way competitors."
msp,Minneapolis Frost Giants,AA,Duluth Lake Giants,Theo,Delrio,22,RF,40,35,60,40,60,35,35,40,40,,,,,,66,82,58,81,power,on_track,Athletic regular upside,Bat-first profile with enough impact to matter if the approach holds; game power is the development focus. Best used as athletic regular upside.
msp,Minneapolis Frost Giants,AAA,St. Paul Icebreakers,Ulises,Kessler,25,RP,50,45,60,20,20,20,25,30,55,55,45,40,70,50,80,94,70,96,velocity,on_track,Near-ready relief or swingman option,Relief profile with one carrying pitch and room for command growth; velocity development drives the upside. Best used as near-ready relief or swingman option.
msp,Minneapolis Frost Giants,A_PLUS,Rochester Snowdrifts,Vidal,Rosales,21,RF,35,25,60,35,55,30,30,35,35,,,,,,94,64,82,74,power,on_track,Power or corner-depth prospect,Bat-first profile with enough impact to matter if the approach holds; game power is the development focus. Best used as power or corner-depth prospect.
msp,Minneapolis Frost Giants,A,Mankato Frostlings,Wes,Zoric,20,C,35,25,55,35,35,40,25,50,40,,,,,,69,76,45,89,fundamentals,on_track,Defense/speed development prospect,Catcher with staff-handling traits and a realistic defensive path; fundamentals can turn the tools into a role. Best used as defense/speed development prospect.
msp,Minneapolis Frost Giants,A,Mankato Frostlings,Xavi,Gomes,20,CL,30,20,60,20,20,20,25,30,30,40,30,20,40,40,83,88,57,67,breaking,on_track,Raw arm with starter traits,Late-inning arm with leverage temperament and swing-and-miss shape; breaking-ball quality is the carrying skill. Best used as raw arm with starter traits.
msp,Minneapolis Frost Giants,ROOKIE,Northwoods Icecaps,Yael,Nystrom,19,CF,30,20,60,30,25,30,35,50,30,,,,,,58,58,69,82,defense,bust_risk,Young bat with one loud carrying tool,Up-the-middle athlete with defensive value and pressure-speed traits; defense gives the profile a safer floor. Best used as young bat with one loud carrying tool.
msp,Minneapolis Frost Giants,INTERNATIONAL,Punta Cana Frost Academy,Zane,Wynn,18,SP,30,20,60,20,20,20,20,30,30,35,30,50,35,30,72,70,81,60,stamina,bust_risk,International/rookie upside lottery ticket,Starter traits with enough pitch mix to stay in a rotation; workload growth is the main development goal. Best used as international/rookie upside lottery ticket.
msp,Minneapolis Frost Giants,AAA,St. Paul Icebreakers,Emilio,Espina,27,C,45,40,50,45,45,50,35,60,50,,,,,,92,69,65,90,fundamentals,on_track,Optionable catcher with receiving value,Catcher with staff-handling traits and a realistic defensive path; fundamentals can turn the tools into a role. Best used as optionable catcher with receiving value.
msp,Minneapolis Frost Giants,AAA,St. Paul Icebreakers,Tomas,Lofton,26,2B,45,40,50,45,40,45,50,65,45,,,,,,64,76,70,66,defense,on_track,Utility infielder / contact bench bat,Up-the-middle athlete with defensive value and pressure-speed traits; defense gives the profile a safer floor. Best used as utility infielder / contact bench bat.
msp,Minneapolis Frost Giants,AAA,St. Paul Icebreakers,Jonas,Seldon,27,LF,45,40,50,45,55,50,40,50,45,,,,,,75,83,75,79,fundamentals,on_track,Left-handed bench outfield depth,Bat-first profile with enough impact to matter if the approach holds; fundamentals can turn the tools into a role. Best used as left-handed bench outfield depth.
msp,Minneapolis Frost Giants,AAA,St. Paul Icebreakers,Milo,Ames,28,SP,45,40,50,20,20,20,20,30,50,50,45,65,50,45,86,90,80,92,stamina,on_track,Sixth-starter depth,Starter traits with enough pitch mix to stay in a rotation; workload growth is the main development goal. Best used as sixth-starter depth.
msp,Minneapolis Frost Giants,AA,Duluth Lake Giants,Nico,Huxley,24,RP,40,35,55,20,20,20,25,30,45,45,35,30,60,40,58,55,85,68,velocity,on_track,Middle-relief shuttle candidate,Relief profile with one carrying pitch and room for command growth; velocity development drives the upside. Best used as middle-relief shuttle candidate.
msp,Minneapolis Frost Giants,AA,Duluth Lake Giants,Soren,Ocampo,24,RF,40,35,55,40,50,45,35,45,40,,,,,,69,62,90,81,fundamentals,on_track,Fourth-outfielder depth,Bat-first profile with enough impact to matter if the approach holds; fundamentals can turn the tools into a role. Best used as fourth-outfielder depth.
msp,Minneapolis Frost Giants,A_PLUS,Rochester Snowdrifts,Tariq,Winslow,22,SS,35,25,55,35,30,35,40,55,35,,,,,,80,69,46,94,defense,on_track,Defense-first infield depth,Up-the-middle athlete with defensive value and pressure-speed traits; defense gives the profile a safer floor. Best used as defense-first infield depth.
msp,Minneapolis Frost Giants,A,Mankato Frostlings,Andre,Escobar,21,SP,30,20,55,20,20,20,20,30,30,35,30,50,35,30,91,76,51,70,stamina,on_track,Developmental starter with strike-throwing base,Starter traits with enough pitch mix to stay in a rotation; workload growth is the main development goal. Best used as developmental starter with strike-throwing base.
msp,Minneapolis Frost Giants,ROOKIE,Northwoods Icecaps,Cyrus,Lazaro,19,C,25,20,50,25,25,30,20,40,30,,,,,,63,83,56,83,fundamentals,on_track,Young catcher / staff-handling project,Catcher with staff-handling traits and a realistic defensive path; fundamentals can turn the tools into a role. Best used as young catcher / staff-handling project.
msp,Minneapolis Frost Giants,INTERNATIONAL,Punta Cana Frost Academy,Damon,Toma,18,RP,25,20,55,20,20,20,25,30,25,30,20,20,45,25,74,90,61,96,velocity,on_track,Academy arm strength project,Relief profile with one carrying pitch and room for command growth; velocity development drives the upside. Best used as academy arm strength project.
stl,St. Louis Archers,AA,Columbia Gateway Guards,Felix,Carden,22,SS,45,40,70,45,45,40,55,60,45,,,,,,88,60,73,74,tools,ahead_of_curve,Top ranked prospect / potential impact regular,"Up-the-middle athlete with defensive value and pressure-speed traits; tools are ahead of current baseball skill. Fits the org identity around fundamentals, command, leadership, and repeatable player-development wins."
stl,St. Louis Archers,AA,Columbia Gateway Guards,Gavin,Jun,23,3B,45,40,70,45,65,40,40,45,45,,,,,,63,72,85,89,power,ahead_of_curve,Impact follow prospect / everyday or rotation path,"Bat-first profile with enough impact to matter if the approach holds; game power is the development focus. Fits the org identity around fundamentals, command, leadership, and repeatable player-development wins."
stl,St. Louis Archers,A_PLUS,Cape Girardeau Targets,Hugo,Quill,21,2B,40,35,60,40,40,35,50,55,40,,,,,,77,84,48,67,tools,on_track,Scarcity-position prospect / above-average role path,"Up-the-middle athlete with defensive value and pressure-speed traits; tools are ahead of current baseball skill. Fits the org identity around fundamentals, command, leadership, and repeatable player-development wins."
stl,St. Louis Archers,AA,Columbia Gateway Guards,Ilya,Ybarra,22,SS,40,35,60,40,40,35,50,55,40,,,,,,91,96,60,82,tools,on_track,Athletic regular upside,Up-the-middle athlete with defensive value and pressure-speed traits; tools are ahead of current baseball skill. Best used as athletic regular upside.
stl,St. Louis Archers,AAA,Springfield Bowstrings,Joaquin,Farraday,25,RP,50,45,60,20,20,20,25,30,55,55,45,40,70,55,66,66,72,60,velocity,on_track,Near-ready relief or swingman option,Relief profile with one carrying pitch and room for command growth; velocity development drives the upside. Best used as near-ready relief or swingman option.
stl,St. Louis Archers,A_PLUS,Cape Girardeau Targets,Kaito,Mercado,21,DH,35,25,60,35,55,30,30,35,35,,,,,,80,78,84,75,power,on_track,Power or corner-depth prospect,Bat-first profile with enough impact to matter if the approach holds; game power is the development focus. Best used as power or corner-depth prospect.
stl,St. Louis Archers,A,Quincy Fletchers,Leon,Valen,20,LF,35,25,55,35,45,40,30,40,35,,,,,,94,90,47,90,fundamentals,on_track,Defense/speed development prospect,Bat-first profile with enough impact to matter if the approach holds; fundamentals can turn the tools into a role. Best used as defense/speed development prospect.
stl,St. Louis Archers,A,Quincy Fletchers,Malik,Dovek,20,SP,30,20,60,20,20,20,20,30,30,35,30,50,35,35,69,60,59,68,stamina,on_track,Raw arm with starter traits,Starter traits with enough pitch mix to stay in a rotation; workload growth is the main development goal. Best used as raw arm with starter traits.
stl,St. Louis Archers,ROOKIE,Riverfront Bullseyes,Noel,Kepler,19,C,30,20,60,30,30,35,20,45,35,,,,,,83,72,71,83,fundamentals,bust_risk,Young bat with one loud carrying tool,Catcher with staff-handling traits and a realistic defensive path; fundamentals can turn the tools into a role. Best used as young bat with one loud carrying tool.
stl,St. Louis Archers,INTERNATIONAL,San Juan Archer Academy,Orion,Rivas,18,C,30,20,60,30,30,35,20,45,35,,,,,,58,84,83,61,fundamentals,bust_risk,International/rookie upside lottery ticket,Catcher with staff-handling traits and a realistic defensive path; fundamentals can turn the tools into a role. Best used as international/rookie upside lottery ticket.
stl,St. Louis Archers,AAA,Springfield Bowstrings,Pavel,Zavala,27,C,45,40,50,45,45,50,35,60,50,,,,,,78,83,67,91,fundamentals,on_track,Optionable catcher with receiving value,Catcher with staff-handling traits and a realistic defensive path; fundamentals can turn the tools into a role. Best used as optionable catcher with receiving value.
stl,St. Louis Archers,AAA,Springfield Bowstrings,Rey,Garnet,26,3B,45,40,50,45,55,50,40,50,45,,,,,,89,90,72,67,fundamentals,on_track,Utility infielder / contact bench bat,Bat-first profile with enough impact to matter if the approach holds; fundamentals can turn the tools into a role. Best used as utility infielder / contact bench bat.
stl,St. Louis Archers,AAA,Springfield Bowstrings,Santos,Norcross,27,LF,45,40,50,45,55,50,40,50,45,,,,,,61,55,77,80,fundamentals,on_track,Left-handed bench outfield depth,Bat-first profile with enough impact to matter if the approach holds; fundamentals can turn the tools into a role. Best used as left-handed bench outfield depth.
stl,St. Louis Archers,AAA,Springfield Bowstrings,Talen,Voss,28,SP,45,40,50,20,20,20,20,30,50,50,45,65,50,50,72,62,82,93,stamina,on_track,Sixth-starter depth,Starter traits with enough pitch mix to stay in a rotation; workload growth is the main development goal. Best used as sixth-starter depth.
stl,St. Louis Archers,AA,Columbia Gateway Guards,Uri,Duarte,24,CL,40,35,55,20,20,20,25,30,45,50,40,30,50,55,83,69,87,69,breaking,on_track,Middle-relief shuttle candidate,Late-inning arm with leverage temperament and swing-and-miss shape; breaking-ball quality is the carrying skill. Best used as middle-relief shuttle candidate.
stl,St. Louis Archers,AA,Columbia Gateway Guards,Vaughn,Kovar,24,RF,40,35,55,40,50,45,35,45,40,,,,,,94,76,43,82,fundamentals,on_track,Fourth-outfielder depth,Bat-first profile with enough impact to matter if the approach holds; fundamentals can turn the tools into a role. Best used as fourth-outfielder depth.
stl,St. Louis Archers,A_PLUS,Cape Girardeau Targets,Wade,Severin,22,SS,35,25,55,35,30,35,40,55,35,,,,,,66,83,48,95,defense,on_track,Defense-first infield depth,Up-the-middle athlete with defensive value and pressure-speed traits; defense gives the profile a safer floor. Best used as defense-first infield depth.
stl,St. Louis Archers,A,Quincy Fletchers,Yuri,Bellweather,21,SP,30,20,55,20,20,20,20,30,30,35,30,50,35,35,77,90,53,71,stamina,on_track,Developmental starter with strike-throwing base,Starter traits with enough pitch mix to stay in a rotation; workload growth is the main development goal. Best used as developmental starter with strike-throwing base.
stl,St. Louis Archers,ROOKIE,Riverfront Bullseyes,Zion,Ives,19,C,25,20,50,25,25,30,20,40,30,,,,,,88,55,58,84,fundamentals,on_track,Young catcher / staff-handling project,Catcher with staff-handling traits and a realistic defensive path; fundamentals can turn the tools into a role. Best used as young catcher / staff-handling project.
stl,St. Louis Archers,INTERNATIONAL,San Juan Archer Academy,Alonzo,Paredes,18,SS,25,20,55,25,20,25,30,45,25,,,,,,60,62,63,60,defense,on_track,Academy middle-infield glove project,Up-the-middle athlete with defensive value and pressure-speed traits; defense gives the profile a safer floor. Best used as academy middle-infield glove project.
ind,Indianapolis Speedsters,A_PLUS,Terre Haute Turbochargers,Bruno,Wexler,21,CF,40,35,65,40,40,35,50,55,40,,,,,,74,74,75,75,tools,on_track,Top ranked prospect / potential impact regular,"Up-the-middle athlete with defensive value and pressure-speed traits; tools are ahead of current baseball skill. Fits the org identity around speed, base running, energetic center-field types, and strike-throwing arms."
ind,Indianapolis Speedsters,AA,Lafayette Lap Kings,Cassian,Evers,23,SP,45,40,65,20,20,20,20,30,50,50,50,55,50,50,88,86,87,90,refinement,on_track,Impact follow prospect / everyday or rotation path,"Starter traits with enough pitch mix to stay in a rotation; refinement should decide the role. Fits the org identity around speed, base running, energetic center-field types, and strike-throwing arms."
ind,Indianapolis Speedsters,A_PLUS,Terre Haute Turbochargers,Diego,Linton,21,RP,40,35,60,20,20,20,25,30,40,45,35,30,60,40,63,56,50,68,velocity,on_track,Scarcity-position prospect / above-average role path,"Relief profile with one carrying pitch and room for command growth; velocity development drives the upside. Fits the org identity around speed, base running, energetic center-field types, and strike-throwing arms."
ind,Indianapolis Speedsters,AA,Lafayette Lap Kings,Enzo,Tejada,22,LF,40,35,60,40,60,35,35,40,40,,,,,,77,68,62,83,power,on_track,Athletic regular upside,Bat-first profile with enough impact to matter if the approach holds; game power is the development focus. Best used as athletic regular upside.
ind,Indianapolis Speedsters,AAA,Fort Wayne Flywheels,Franco,Carrow,25,CL,50,45,60,20,20,20,25,30,55,60,50,40,60,60,91,80,74,61,breaking,on_track,Near-ready relief or swingman option,Late-inning arm with leverage temperament and swing-and-miss shape; breaking-ball quality is the carrying skill. Best used as near-ready relief or swingman option.
ind,Indianapolis Speedsters,A_PLUS,Terre Haute Turbochargers,Griffin,Jurado,21,C,35,25,60,35,35,40,25,50,40,,,,,,66,92,86,76,fundamentals,on_track,Power or corner-depth prospect,Catcher with staff-handling traits and a realistic defensive path; fundamentals can turn the tools into a role. Best used as power or corner-depth prospect.
ind,Indianapolis Speedsters,A,Bloomington Checkered Flags,Hayes,Quade,20,3B,35,25,55,35,45,40,30,40,35,,,,,,80,62,49,91,fundamentals,on_track,Defense/speed development prospect,Bat-first profile with enough impact to matter if the approach holds; fundamentals can turn the tools into a role. Best used as defense/speed development prospect.
ind,Indianapolis Speedsters,A,Bloomington Checkered Flags,Ivan,Yates,20,RP,30,20,60,20,20,20,25,30,30,35,25,20,50,30,94,74,61,69,velocity,on_track,Raw arm with starter traits,Relief profile with one carrying pitch and room for command growth; velocity development drives the upside. Best used as raw arm with starter traits.
ind,Indianapolis Speedsters,ROOKIE,Speedway Sprinters,Jasper,Falk,19,DH,30,20,60,30,40,35,25,35,30,,,,,,69,86,73,84,fundamentals,bust_risk,Young bat with one loud carrying tool,Bat-first profile with enough impact to matter if the approach holds; fundamentals can turn the tools into a role. Best used as young bat with one loud carrying tool.
ind,Indianapolis Speedsters,INTERNATIONAL,Monterrey Speed Academy,Kai,Marin,18,RF,30,20,60,30,40,35,25,35,30,,,,,,83,56,85,62,fundamentals,bust_risk,International/rookie upside lottery ticket,Bat-first profile with enough impact to matter if the approach holds; fundamentals can turn the tools into a role. Best used as international/rookie upside lottery ticket.
ind,Indianapolis Speedsters,AAA,Fort Wayne Flywheels,Leland,Uribe,27,C,45,40,50,45,45,50,35,60,50,,,,,,64,55,69,92,fundamentals,on_track,Optionable catcher with receiving value,Catcher with staff-handling traits and a realistic defensive path; fundamentals can turn the tools into a role. Best used as optionable catcher with receiving value.
ind,Indianapolis Speedsters,AAA,Fort Wayne Flywheels,Marco,Canelo,26,2B,45,40,50,45,40,45,50,65,45,,,,,,75,62,74,68,defense,on_track,Utility infielder / contact bench bat,Up-the-middle athlete with defensive value and pressure-speed traits; defense gives the profile a safer floor. Best used as utility infielder / contact bench bat.
ind,Indianapolis Speedsters,AAA,Fort Wayne Flywheels,Nestor,Jenkins,27,LF,45,40,50,45,55,50,40,50,45,,,,,,86,69,79,81,fundamentals,on_track,Left-handed bench outfield depth,Bat-first profile with enough impact to matter if the approach holds; fundamentals can turn the tools into a role. Best used as left-handed bench outfield depth.
ind,Indianapolis Speedsters,AAA,Fort Wayne Flywheels,Otis,Rendon,28,SP,45,40,50,20,20,20,20,30,50,50,45,65,50,45,58,76,84,94,stamina,on_track,Sixth-starter depth,Starter traits with enough pitch mix to stay in a rotation; workload growth is the main development goal. Best used as sixth-starter depth.
ind,Indianapolis Speedsters,AA,Lafayette Lap Kings,Paolo,Abarca,24,RP,40,35,55,20,20,20,25,30,45,45,35,30,60,40,69,83,89,70,velocity,on_track,Middle-relief shuttle candidate,Relief profile with one carrying pitch and room for command growth; velocity development drives the upside. Best used as middle-relief shuttle candidate.
ind,Indianapolis Speedsters,AA,Lafayette Lap Kings,Ramon,Harrow,24,RF,40,35,55,40,50,45,35,45,40,,,,,,80,90,45,83,fundamentals,on_track,Fourth-outfielder depth,Bat-first profile with enough impact to matter if the approach holds; fundamentals can turn the tools into a role. Best used as fourth-outfielder depth.
ind,Indianapolis Speedsters,A_PLUS,Terre Haute Turbochargers,Samir,Okafor,22,SS,35,25,55,35,30,35,40,55,35,,,,,,91,55,50,96,defense,on_track,Defense-first infield depth,Up-the-middle athlete with defensive value and pressure-speed traits; defense gives the profile a safer floor. Best used as defense-first infield depth.
ind,Indianapolis Speedsters,A,Bloomington Checkered Flags,Tucker,Velas,21,SP,30,20,55,20,20,20,20,30,30,35,30,50,35,30,63,62,55,72,stamina,on_track,Developmental starter with strike-throwing base,Starter traits with enough pitch mix to stay in a rotation; workload growth is the main development goal. Best used as developmental starter with strike-throwing base.
ind,Indianapolis Speedsters,ROOKIE,Speedway Sprinters,Vito,Daschle,19,C,25,20,50,25,25,30,20,40,30,,,,,,74,69,60,85,fundamentals,on_track,Young catcher / staff-handling project,Catcher with staff-handling traits and a realistic defensive path; fundamentals can turn the tools into a role. Best used as young catcher / staff-handling project.
ind,Indianapolis Speedsters,INTERNATIONAL,Monterrey Speed Academy,Weston,Kimura,18,RP,25,20,55,20,20,20,25,30,25,30,20,20,45,25,85,76,65,61,velocity,on_track,Academy arm strength project,Relief profile with one carrying pitch and room for command growth; velocity development drives the upside. Best used as academy arm strength project.
mil,Milwaukee Suds,AA,Green Bay Barrelmen,Yahir,Solberg,23,SP,45,40,70,20,20,20,20,30,50,50,50,55,50,50,60,88,77,76,refinement,ahead_of_curve,Top ranked pitching prospect / rotation or leverage upside,"Starter traits with enough pitch mix to stay in a rotation; refinement should decide the role. Fits the org identity around power arms, sturdy corner bats, and physical players who age into roles."
mil,Milwaukee Suds,AA,Green Bay Barrelmen,Zeke,Bexley,23,RF,45,40,65,45,65,40,40,45,45,,,,,,74,58,89,91,power,on_track,Impact follow prospect / everyday or rotation path,"Bat-first profile with enough impact to matter if the approach holds; game power is the development focus. Fits the org identity around power arms, sturdy corner bats, and physical players who age into roles."
mil,Milwaukee Suds,A_PLUS,Kenosha Foam Caps,Alden,Ibarra,21,1B,40,35,60,40,60,35,35,40,40,,,,,,88,70,52,69,power,on_track,Scarcity-position prospect / above-average role path,"Bat-first profile with enough impact to matter if the approach holds; game power is the development focus. Fits the org identity around power arms, sturdy corner bats, and physical players who age into roles."
mil,Milwaukee Suds,AA,Green Bay Barrelmen,Brody,Prado,22,C,40,35,60,40,40,40,30,60,45,,,,,,63,82,64,84,defense,on_track,Athletic regular upside,Catcher with staff-handling traits and a realistic defensive path; defense gives the profile a safer floor. Best used as athletic regular upside.
mil,Milwaukee Suds,AAA,Madison Mash Tuns,Cade,Walden,25,SP,45,40,60,20,20,20,20,30,50,50,45,65,50,45,77,94,76,62,stamina,on_track,Near-ready relief or swingman option,Starter traits with enough pitch mix to stay in a rotation; workload growth is the main development goal. Best used as near-ready relief or swingman option.
mil,Milwaukee Suds,A_PLUS,Kenosha Foam Caps,Dante,Eldridge,21,2B,35,25,60,35,30,35,40,55,35,,,,,,91,64,88,77,defense,on_track,Power or corner-depth prospect,Up-the-middle athlete with defensive value and pressure-speed traits; defense gives the profile a safer floor. Best used as power or corner-depth prospect.
mil,Milwaukee Suds,A,Appleton Kettles,Ezra,Lagos,20,RF,35,25,55,35,45,40,30,40,35,,,,,,66,76,51,92,fundamentals,on_track,Defense/speed development prospect,Bat-first profile with enough impact to matter if the approach holds; fundamentals can turn the tools into a role. Best used as defense/speed development prospect.
mil,Milwaukee Suds,A,Appleton Kettles,Finnian,Tavares,20,SP,30,20,60,20,20,20,20,30,30,35,30,50,35,30,80,88,63,70,stamina,on_track,Raw arm with starter traits,Starter traits with enough pitch mix to stay in a rotation; workload growth is the main development goal. Best used as raw arm with starter traits.
mil,Milwaukee Suds,ROOKIE,Waukesha Wort,Gianni,Bravik,19,2B,30,20,60,30,25,30,35,50,30,,,,,,94,58,75,85,defense,bust_risk,Young bat with one loud carrying tool,Up-the-middle athlete with defensive value and pressure-speed traits; defense gives the profile a safer floor. Best used as young bat with one loud carrying tool.
mil,Milwaukee Suds,INTERNATIONAL,Santo Domingo Suds Academy,Holden,Inoa,18,LF,30,20,60,30,40,35,25,35,30,,,,,,69,70,87,63,fundamentals,bust_risk,International/rookie upside lottery ticket,Bat-first profile with enough impact to matter if the approach holds; fundamentals can turn the tools into a role. Best used as international/rookie upside lottery ticket.
mil,Milwaukee Suds,AAA,Madison Mash Tuns,Ismael,Paloma,27,C,45,40,50,45,45,50,35,60,50,,,,,,89,69,71,93,fundamentals,on_track,Optionable catcher with receiving value,Catcher with staff-handling traits and a realistic defensive path; fundamentals can turn the tools into a role. Best used as optionable catcher with receiving value.
mil,Milwaukee Suds,AAA,Madison Mash Tuns,Jude,Zuniga,26,2B,45,40,50,45,40,45,50,65,45,,,,,,61,76,76,69,defense,on_track,Utility infielder / contact bench bat,Up-the-middle athlete with defensive value and pressure-speed traits; defense gives the profile a safer floor. Best used as utility infielder / contact bench bat.
mil,Milwaukee Suds,AAA,Madison Mash Tuns,Kieran,Gallardo,27,LF,45,40,50,45,55,50,40,50,45,,,,,,72,83,81,82,fundamentals,on_track,Left-handed bench outfield depth,Bat-first profile with enough impact to matter if the approach holds; fundamentals can turn the tools into a role. Best used as left-handed bench outfield depth.
mil,Milwaukee Suds,AAA,Madison Mash Tuns,Leandro,Nadeau,28,SP,45,40,50,20,20,20,20,30,50,50,45,65,50,45,83,90,86,95,stamina,on_track,Sixth-starter depth,Starter traits with enough pitch mix to stay in a rotation; workload growth is the main development goal. Best used as sixth-starter depth.
mil,Milwaukee Suds,AA,Green Bay Barrelmen,Micah,Upton,24,RP,40,35,55,20,20,20,25,30,45,45,35,30,60,40,94,55,42,71,velocity,on_track,Middle-relief shuttle candidate,Relief profile with one carrying pitch and room for command growth; velocity development drives the upside. Best used as middle-relief shuttle candidate.
mil,Milwaukee Suds,AA,Green Bay Barrelmen,Niko,Cruzado,24,RF,40,35,55,40,50,45,35,45,40,,,,,,66,62,47,84,fundamentals,on_track,Fourth-outfielder depth,Bat-first profile with enough impact to matter if the approach holds; fundamentals can turn the tools into a role. Best used as fourth-outfielder depth.
mil,Milwaukee Suds,A_PLUS,Kenosha Foam Caps,Ozzie,Jasso,22,SS,35,25,55,35,30,35,40,55,35,,,,,,77,69,52,60,defense,on_track,Defense-first infield depth,Up-the-middle athlete with defensive value and pressure-speed traits; defense gives the profile a safer floor. Best used as defense-first infield depth.
mil,Milwaukee Suds,A,Appleton Kettles,Pierce,Rinaldi,21,SP,30,20,55,20,20,20,20,30,30,35,30,50,35,30,88,76,57,73,stamina,on_track,Developmental starter with strike-throwing base,Starter traits with enough pitch mix to stay in a rotation; workload growth is the main development goal. Best used as developmental starter with strike-throwing base.
mil,Milwaukee Suds,ROOKIE,Waukesha Wort,Rowan,Arden,19,C,25,20,50,25,25,30,20,40,30,,,,,,60,83,62,86,fundamentals,on_track,Young catcher / staff-handling project,Catcher with staff-handling traits and a realistic defensive path; fundamentals can turn the tools into a role. Best used as young catcher / staff-handling project.
mil,Milwaukee Suds,INTERNATIONAL,Santo Domingo Suds Academy,Sterling,Hollis,18,SS,25,20,55,25,20,25,30,45,25,,,,,,71,90,67,62,defense,on_track,Academy middle-infield glove project,Up-the-middle athlete with defensive value and pressure-speed traits; defense gives the profile a safer floor. Best used as academy middle-infield glove project.
nas,Nashville Honky Tonks,AA,Knoxville Neon Strings,Tristan,Osuna,22,2B,45,40,70,45,45,40,55,60,45,,,,,,85,60,79,77,tools,ahead_of_curve,Top ranked prospect / potential impact regular,"Up-the-middle athlete with defensive value and pressure-speed traits; tools are ahead of current baseball skill. Fits the org identity around rhythm hitters, bat-to-ball skills, athletic middle defenders, and lively late-inning arms."
nas,Nashville Honky Tonks,AA,Knoxville Neon Strings,Victor,Virelli,23,SP,45,40,70,20,20,20,20,30,50,50,50,55,50,50,60,72,42,92,refinement,ahead_of_curve,Impact follow prospect / everyday or rotation path,"Starter traits with enough pitch mix to stay in a rotation; refinement should decide the role. Fits the org identity around rhythm hitters, bat-to-ball skills, athletic middle defenders, and lively late-inning arms."
nas,Nashville Honky Tonks,A_PLUS,Chattanooga Fretboards,Wyatt,Decker,21,C,40,35,65,40,40,40,30,60,45,,,,,,74,84,54,70,defense,on_track,Scarcity-position prospect / above-average role path,"Catcher with staff-handling traits and a realistic defensive path; defense gives the profile a safer floor. Fits the org identity around rhythm hitters, bat-to-ball skills, athletic middle defenders, and lively late-inning arms."
nas,Nashville Honky Tonks,AA,Knoxville Neon Strings,Xander,Korman,22,2B,40,35,60,40,40,35,50,55,40,,,,,,88,96,66,85,tools,on_track,Athletic regular upside,Up-the-middle athlete with defensive value and pressure-speed traits; tools are ahead of current baseball skill. Best used as athletic regular upside.
nas,Nashville Honky Tonks,AAA,Memphis Backbeats,Yosef,Stellan,25,RP,50,45,60,20,20,20,25,30,55,55,45,40,70,50,63,66,78,63,velocity,on_track,Near-ready relief or swingman option,Relief profile with one carrying pitch and room for command growth; velocity development drives the upside. Best used as near-ready relief or swingman option.
nas,Nashville Honky Tonks,A_PLUS,Chattanooga Fretboards,Zev,Amador,21,3B,35,25,60,35,55,30,30,35,35,,,,,,77,78,90,78,power,on_track,Power or corner-depth prospect,Bat-first profile with enough impact to matter if the approach holds; game power is the development focus. Best used as power or corner-depth prospect.
nas,Nashville Honky Tonks,A,Murfreesboro Two-Steps,Ari,Inoa,20,SS,35,25,55,35,30,35,40,55,35,,,,,,91,90,53,93,defense,on_track,Defense/speed development prospect,Up-the-middle athlete with defensive value and pressure-speed traits; defense gives the profile a safer floor. Best used as defense/speed development prospect.
nas,Nashville Honky Tonks,A,Murfreesboro Two-Steps,Bento,Paloma,20,RP,30,20,60,20,20,20,25,30,30,35,25,20,50,30,66,60,65,71,velocity,on_track,Raw arm with starter traits,Relief profile with one carrying pitch and room for command growth; velocity development drives the upside. Best used as raw arm with starter traits.
nas,Nashville Honky Tonks,ROOKIE,Music Row Pickers,Caleb,Zuniga,19,3B,30,20,60,30,40,35,25,35,30,,,,,,80,72,77,86,fundamentals,bust_risk,Young bat with one loud carrying tool,Bat-first profile with enough impact to matter if the approach holds; fundamentals can turn the tools into a role. Best used as young bat with one loud carrying tool.
nas,Nashville Honky Tonks,INTERNATIONAL,San Pedro Tonk Academy,Dario,Gallardo,18,RP,30,20,60,20,20,20,25,30,30,35,25,20,50,30,94,84,89,64,velocity,bust_risk,International/rookie upside lottery ticket,Relief profile with one carrying pitch and room for command growth; velocity development drives the upside. Best used as international/rookie upside lottery ticket.
nas,Nashville Honky Tonks,AAA,Memphis Backbeats,Elias,Nadeau,27,C,45,40,50,45,45,50,35,60,50,,,,,,75,83,73,94,fundamentals,on_track,Optionable catcher with receiving value,Catcher with staff-handling traits and a realistic defensive path; fundamentals can turn the tools into a role. Best used as optionable catcher with receiving value.
nas,Nashville Honky Tonks,AAA,Memphis Backbeats,Fynn,Upton,26,2B,45,40,50,45,40,45,50,65,45,,,,,,86,90,78,70,defense,on_track,Utility infielder / contact bench bat,Up-the-middle athlete with defensive value and pressure-speed traits; defense gives the profile a safer floor. Best used as utility infielder / contact bench bat.
nas,Nashville Honky Tonks,AAA,Memphis Backbeats,Gideon,Cruzado,27,CF,45,40,50,45,40,45,50,65,45,,,,,,58,55,83,83,defense,on_track,Left-handed bench outfield depth,Up-the-middle athlete with defensive value and pressure-speed traits; defense gives the profile a safer floor. Best used as left-handed bench outfield depth.
nas,Nashville Honky Tonks,AAA,Memphis Backbeats,Harlan,Jasso,28,SP,45,40,50,20,20,20,20,30,50,50,45,65,50,45,69,62,88,96,stamina,on_track,Sixth-starter depth,Starter traits with enough pitch mix to stay in a rotation; workload growth is the main development goal. Best used as sixth-starter depth.
nas,Nashville Honky Tonks,AA,Knoxville Neon Strings,Isaak,Rinaldi,24,CL,40,35,55,20,20,20,25,30,45,50,40,30,50,50,80,69,44,72,breaking,on_track,Middle-relief shuttle candidate,Late-inning arm with leverage temperament and swing-and-miss shape; breaking-ball quality is the carrying skill. Best used as middle-relief shuttle candidate.
nas,Nashville Honky Tonks,AA,Knoxville Neon Strings,Jalen,Arden,24,RF,40,35,55,40,50,45,35,45,40,,,,,,91,76,49,85,fundamentals,on_track,Fourth-outfielder depth,Bat-first profile with enough impact to matter if the approach holds; fundamentals can turn the tools into a role. Best used as fourth-outfielder depth.
nas,Nashville Honky Tonks,A_PLUS,Chattanooga Fretboards,Keon,Hollis,22,SS,35,25,55,35,30,35,40,55,35,,,,,,63,83,54,61,defense,on_track,Defense-first infield depth,Up-the-middle athlete with defensive value and pressure-speed traits; defense gives the profile a safer floor. Best used as defense-first infield depth.
nas,Nashville Honky Tonks,A,Murfreesboro Two-Steps,Luca,Osuna,21,SP,30,20,55,20,20,20,20,30,30,35,30,50,35,30,74,90,59,74,stamina,on_track,Developmental starter with strike-throwing base,Starter traits with enough pitch mix to stay in a rotation; workload growth is the main development goal. Best used as developmental starter with strike-throwing base.
nas,Nashville Honky Tonks,ROOKIE,Music Row Pickers,Mateo,Virelli,19,C,25,20,50,25,25,30,20,40,30,,,,,,85,55,64,87,fundamentals,on_track,Young catcher / staff-handling project,Catcher with staff-handling traits and a realistic defensive path; fundamentals can turn the tools into a role. Best used as young catcher / staff-handling project.
nas,Nashville Honky Tonks,INTERNATIONAL,San Pedro Tonk Academy,Nolan,Decker,18,RP,25,20,55,20,20,20,25,30,25,30,20,20,45,25,96,62,69,63,velocity,on_track,Academy arm strength project,Relief profile with one carrying pitch and room for command growth; velocity development drives the upside. Best used as academy arm strength project.
mia,Miami Palms,AA,Key West Crosswinds,Omar,Korman,22,SP,45,40,75,20,20,20,20,30,50,55,45,55,50,60,71,74,81,78,breaking,ahead_of_curve,Top ranked pitching prospect / rotation or leverage upside,"Starter traits with enough pitch mix to stay in a rotation; breaking-ball quality is the carrying skill. Fits the org identity around run prevention, speed, athletic defense, and pitchers who fit the most pitcher-friendly east park."
mia,Miami Palms,AA,Key West Crosswinds,Pascal,Stellan,23,SP,45,40,65,20,20,20,20,30,50,50,55,55,45,50,85,86,44,93,control,on_track,Impact follow prospect / everyday or rotation path,"Starter traits with enough pitch mix to stay in a rotation; command is the separator. Fits the org identity around run prevention, speed, athletic defense, and pitchers who fit the most pitcher-friendly east park."
mia,Miami Palms,A_PLUS,Palm Beach Pressure,Quinn,Amador,21,C,40,35,60,40,40,40,30,65,45,,,,,,60,56,56,71,defense,on_track,Scarcity-position prospect / above-average role path,"Catcher with staff-handling traits and a realistic defensive path; defense gives the profile a safer floor. Fits the org identity around run prevention, speed, athletic defense, and pitchers who fit the most pitcher-friendly east park."
mia,Miami Palms,AA,Key West Crosswinds,Rafael,Hoshino,22,CF,40,35,60,40,40,35,50,60,40,,,,,,74,68,68,86,tools,on_track,Athletic regular upside,Up-the-middle athlete with defensive value and pressure-speed traits; tools are ahead of current baseball skill. Best used as athletic regular upside.
mia,Miami Palms,AAA,Fort Lauderdale Tidewalls,Silas,Otero,25,RP,50,45,60,20,20,20,25,30,55,55,45,40,70,55,88,80,80,64,velocity,on_track,Near-ready relief or swingman option,Relief profile with one carrying pitch and room for command growth; velocity development drives the upside. Best used as near-ready relief or swingman option.
mia,Miami Palms,A_PLUS,Palm Beach Pressure,Theo,Yoshida,21,3B,35,25,60,35,55,30,30,40,35,,,,,,63,92,43,79,power,on_track,Power or corner-depth prospect,Bat-first profile with enough impact to matter if the approach holds; game power is the development focus. Best used as power or corner-depth prospect.
mia,Miami Palms,A,Naples Rainbands,Ulises,Fenn,20,SS,35,25,55,35,30,35,40,60,35,,,,,,77,62,55,94,defense,on_track,Defense/speed development prospect,Up-the-middle athlete with defensive value and pressure-speed traits; defense gives the profile a safer floor. Best used as defense/speed development prospect.
mia,Miami Palms,A,Naples Rainbands,Vidal,Montano,20,SP,30,20,60,20,20,20,20,30,30,35,30,50,35,35,91,74,67,72,stamina,on_track,Raw arm with starter traits,Starter traits with enough pitch mix to stay in a rotation; workload growth is the main development goal. Best used as raw arm with starter traits.
mia,Miami Palms,ROOKIE,Little Havana Squalls,Wes,Talbot,19,RF,30,20,60,30,40,35,25,40,30,,,,,,66,86,79,87,fundamentals,bust_risk,Young bat with one loud carrying tool,Bat-first profile with enough impact to matter if the approach holds; fundamentals can turn the tools into a role. Best used as young bat with one loud carrying tool.
mia,Miami Palms,INTERNATIONAL,Santo Domingo Storm Academy,Xavi,Barrow,18,2B,30,20,60,30,25,30,35,55,30,,,,,,80,56,42,65,defense,bust_risk,International/rookie upside lottery ticket,Up-the-middle athlete with defensive value and pressure-speed traits; defense gives the profile a safer floor. Best used as international/rookie upside lottery ticket.
mia,Miami Palms,AAA,Fort Lauderdale Tidewalls,Yael,Ibarra,27,C,45,40,50,45,45,50,35,65,50,,,,,,61,55,75,95,fundamentals,on_track,Optionable catcher with receiving value,Catcher with staff-handling traits and a realistic defensive path; fundamentals can turn the tools into a role. Best used as optionable catcher with receiving value.
mia,Miami Palms,AAA,Fort Lauderdale Tidewalls,Zane,Park,26,3B,45,40,50,45,55,50,40,55,45,,,,,,72,62,80,71,fundamentals,on_track,Utility infielder / contact bench bat,Bat-first profile with enough impact to matter if the approach holds; fundamentals can turn the tools into a role. Best used as utility infielder / contact bench bat.
mia,Miami Palms,AAA,Fort Lauderdale Tidewalls,Emilio,Zamora,27,LF,45,40,50,45,55,50,40,55,45,,,,,,83,69,85,84,fundamentals,on_track,Left-handed bench outfield depth,Bat-first profile with enough impact to matter if the approach holds; fundamentals can turn the tools into a role. Best used as left-handed bench outfield depth.
mia,Miami Palms,AAA,Fort Lauderdale Tidewalls,Tomas,Gable,28,SP,45,40,50,20,20,20,20,30,50,50,45,65,50,50,94,76,90,60,stamina,on_track,Sixth-starter depth,Starter traits with enough pitch mix to stay in a rotation; workload growth is the main development goal. Best used as sixth-starter depth.
mia,Miami Palms,AA,Key West Crosswinds,Jonas,Novak,24,RP,40,35,55,20,20,20,25,30,45,45,35,30,60,45,66,83,46,73,velocity,on_track,Middle-relief shuttle candidate,Relief profile with one carrying pitch and room for command growth; velocity development drives the upside. Best used as middle-relief shuttle candidate.
mia,Miami Palms,AA,Key West Crosswinds,Milo,Ullman,24,RF,40,35,55,40,50,45,35,50,40,,,,,,77,90,51,86,fundamentals,on_track,Fourth-outfielder depth,Bat-first profile with enough impact to matter if the approach holds; fundamentals can turn the tools into a role. Best used as fourth-outfielder depth.
mia,Miami Palms,A_PLUS,Palm Beach Pressure,Nico,Corvin,22,SS,35,25,55,35,30,35,40,60,35,,,,,,88,55,56,62,defense,on_track,Defense-first infield depth,Up-the-middle athlete with defensive value and pressure-speed traits; defense gives the profile a safer floor. Best used as defense-first infield depth.
mia,Miami Palms,A,Naples Rainbands,Soren,Jovic,21,SP,30,20,55,20,20,20,20,30,30,35,30,50,35,35,60,62,61,75,stamina,on_track,Developmental starter with strike-throwing base,Starter traits with enough pitch mix to stay in a rotation; workload growth is the main development goal. Best used as developmental starter with strike-throwing base.
mia,Miami Palms,ROOKIE,Little Havana Squalls,Tariq,Rocha,19,C,25,20,50,25,25,30,20,45,30,,,,,,71,69,66,88,fundamentals,on_track,Young catcher / staff-handling project,Catcher with staff-handling traits and a realistic defensive path; fundamentals can turn the tools into a role. Best used as young catcher / staff-handling project.
mia,Miami Palms,INTERNATIONAL,Santo Domingo Storm Academy,Andre,Zeller,18,SS,25,20,55,25,20,25,30,50,25,,,,,,82,76,71,64,defense,on_track,Academy middle-infield glove project,Up-the-middle athlete with defensive value and pressure-speed traits; defense gives the profile a safer floor. Best used as academy middle-infield glove project.
atl,Atlanta Peach Kings,A_PLUS,Savannah Nectar,Cyrus,Gaitan,21,CF,40,35,75,40,45,35,50,55,40,,,,,,96,88,83,79,tools,ahead_of_curve,Top ranked prospect / potential impact regular,"Up-the-middle athlete with defensive value and pressure-speed traits; tools are ahead of current baseball skill. Fits the org identity around high-ceiling bats, twitchy athletes, and young outfielders with real power/speed upside."
atl,Atlanta Peach Kings,AA,Augusta Stonefruit,Damon,Noriega,23,SS,45,40,65,45,50,40,55,60,45,,,,,,71,58,46,94,tools,on_track,Impact follow prospect / everyday or rotation path,"Up-the-middle athlete with defensive value and pressure-speed traits; tools are ahead of current baseball skill. Fits the org identity around high-ceiling bats, twitchy athletes, and young outfielders with real power/speed upside."
atl,Atlanta Peach Kings,A_PLUS,Savannah Nectar,Felix,Wirth,21,SP,40,35,60,20,20,20,20,30,40,45,45,50,45,45,85,70,58,72,refinement,on_track,Scarcity-position prospect / above-average role path,"Starter traits with enough pitch mix to stay in a rotation; refinement should decide the role. Fits the org identity around high-ceiling bats, twitchy athletes, and young outfielders with real power/speed upside."
atl,Atlanta Peach Kings,AA,Augusta Stonefruit,Gavin,Easton,22,3B,40,35,60,40,65,35,35,40,40,,,,,,60,82,70,87,power,on_track,Athletic regular upside,Bat-first profile with enough impact to matter if the approach holds; game power is the development focus. Best used as athletic regular upside.
atl,Atlanta Peach Kings,AAA,Macon Orchard Kings,Hugo,Lark,25,CL,50,45,60,20,20,20,25,30,55,60,50,40,60,60,74,94,82,65,breaking,on_track,Near-ready relief or swingman option,Late-inning arm with leverage temperament and swing-and-miss shape; breaking-ball quality is the carrying skill. Best used as near-ready relief or swingman option.
atl,Atlanta Peach Kings,A_PLUS,Savannah Nectar,Ilya,Sato,21,1B,35,25,60,35,60,30,30,35,35,,,,,,88,64,45,80,power,on_track,Power or corner-depth prospect,Bat-first profile with enough impact to matter if the approach holds; game power is the development focus. Best used as power or corner-depth prospect.
atl,Atlanta Peach Kings,A,Athens Peach Pitters,Joaquin,Albright,20,2B,35,25,55,35,35,35,40,55,35,,,,,,63,76,57,95,defense,on_track,Defense/speed development prospect,Up-the-middle athlete with defensive value and pressure-speed traits; defense gives the profile a safer floor. Best used as defense/speed development prospect.
atl,Atlanta Peach Kings,A,Athens Peach Pitters,Kaito,Halberg,20,RP,30,20,60,20,20,20,25,30,30,35,25,20,50,30,77,88,69,73,velocity,on_track,Raw arm with starter traits,Relief profile with one carrying pitch and room for command growth; velocity development drives the upside. Best used as raw arm with starter traits.
atl,Atlanta Peach Kings,ROOKIE,Decatur Crownlets,Leon,Ortega,19,LF,30,20,60,30,45,35,25,35,30,,,,,,91,58,81,88,fundamentals,bust_risk,Young bat with one loud carrying tool,Bat-first profile with enough impact to matter if the approach holds; fundamentals can turn the tools into a role. Best used as young bat with one loud carrying tool.
atl,Atlanta Peach Kings,INTERNATIONAL,Cartagena Peach Academy,Malik,Yoon,18,SS,30,20,60,30,30,30,35,50,30,,,,,,66,70,44,66,defense,bust_risk,International/rookie upside lottery ticket,Up-the-middle athlete with defensive value and pressure-speed traits; defense gives the profile a safer floor. Best used as international/rookie upside lottery ticket.
atl,Atlanta Peach Kings,AAA,Macon Orchard Kings,Noel,Frost,27,C,45,40,50,45,50,50,35,60,50,,,,,,86,69,77,96,fundamentals,on_track,Optionable catcher with receiving value,Catcher with staff-handling traits and a realistic defensive path; fundamentals can turn the tools into a role. Best used as optionable catcher with receiving value.
atl,Atlanta Peach Kings,AAA,Macon Orchard Kings,Orion,Merritt,26,2B,45,40,50,45,45,45,50,65,45,,,,,,58,76,82,72,defense,on_track,Utility infielder / contact bench bat,Up-the-middle athlete with defensive value and pressure-speed traits; defense gives the profile a safer floor. Best used as utility infielder / contact bench bat.
atl,Atlanta Peach Kings,AAA,Macon Orchard Kings,Pavel,Torres,27,LF,45,40,50,45,60,50,40,50,45,,,,,,69,83,87,85,fundamentals,on_track,Left-handed bench outfield depth,Bat-first profile with enough impact to matter if the approach holds; fundamentals can turn the tools into a role. Best used as left-handed bench outfield depth.
atl,Atlanta Peach Kings,AAA,Macon Orchard Kings,Rey,Briar,28,SP,45,40,50,20,20,20,20,30,50,50,45,65,50,45,80,90,43,61,stamina,on_track,Sixth-starter depth,Starter traits with enough pitch mix to stay in a rotation; workload growth is the main development goal. Best used as sixth-starter depth.
atl,Atlanta Peach Kings,AA,Augusta Stonefruit,Santos,Irizarry,24,RP,40,35,55,20,20,20,25,30,45,45,35,30,60,40,91,55,48,74,velocity,on_track,Middle-relief shuttle candidate,Relief profile with one carrying pitch and room for command growth; velocity development drives the upside. Best used as middle-relief shuttle candidate.
atl,Atlanta Peach Kings,AA,Augusta Stonefruit,Talen,Pryce,24,RF,40,35,55,40,55,45,35,45,40,,,,,,63,62,53,87,fundamentals,on_track,Fourth-outfielder depth,Bat-first profile with enough impact to matter if the approach holds; fundamentals can turn the tools into a role. Best used as fourth-outfielder depth.
atl,Atlanta Peach Kings,A_PLUS,Savannah Nectar,Uri,Yanez,22,SS,35,25,55,35,35,35,40,55,35,,,,,,74,69,58,63,defense,on_track,Defense-first infield depth,Up-the-middle athlete with defensive value and pressure-speed traits; defense gives the profile a safer floor. Best used as defense-first infield depth.
atl,Atlanta Peach Kings,A,Athens Peach Pitters,Vaughn,Fujiwara,21,SP,30,20,55,20,20,20,20,30,30,35,30,50,35,30,85,76,63,76,stamina,on_track,Developmental starter with strike-throwing base,Starter traits with enough pitch mix to stay in a rotation; workload growth is the main development goal. Best used as developmental starter with strike-throwing base.
atl,Atlanta Peach Kings,ROOKIE,Decatur Crownlets,Wade,Matsu,19,C,25,20,50,25,30,30,20,40,30,,,,,,96,83,68,89,fundamentals,on_track,Young catcher / staff-handling project,Catcher with staff-handling traits and a realistic defensive path; fundamentals can turn the tools into a role. Best used as young catcher / staff-handling project.
atl,Atlanta Peach Kings,INTERNATIONAL,Cartagena Peach Academy,Yuri,Varela,18,RP,25,20,55,20,20,20,25,30,25,30,20,20,45,25,68,90,73,65,velocity,on_track,Academy arm strength project,Relief profile with one carrying pitch and room for command growth; velocity development drives the upside. Best used as academy arm strength project.
cha,Charlotte Weavers,AA,Columbia Honeycombs,Zion,Delrio,23,C,45,40,70,45,45,45,35,65,50,,,,,,82,60,85,80,defense,ahead_of_curve,Top ranked prospect / potential impact regular,"Catcher with staff-handling traits and a realistic defensive path; defense gives the profile a safer floor. Fits the org identity around catcher development, defensive versatility, low-chase bats, and steady staff handling."
cha,Charlotte Weavers,AA,Columbia Honeycombs,Alonzo,Kessler,23,CF,45,40,70,45,45,40,55,60,45,,,,,,96,72,48,95,tools,ahead_of_curve,Impact follow prospect / everyday or rotation path,"Up-the-middle athlete with defensive value and pressure-speed traits; tools are ahead of current baseball skill. Fits the org identity around catcher development, defensive versatility, low-chase bats, and steady staff handling."
cha,Charlotte Weavers,A_PLUS,Greenville Hivehands,Bruno,Rosales,21,SS,40,35,60,40,40,35,50,55,40,,,,,,71,84,60,73,tools,on_track,Scarcity-position prospect / above-average role path,"Up-the-middle athlete with defensive value and pressure-speed traits; tools are ahead of current baseball skill. Fits the org identity around catcher development, defensive versatility, low-chase bats, and steady staff handling."
cha,Charlotte Weavers,AA,Columbia Honeycombs,Cassian,Zoric,22,SP,40,35,60,20,20,20,20,30,45,45,40,60,45,40,85,96,72,88,stamina,on_track,Athletic regular upside,Starter traits with enough pitch mix to stay in a rotation; workload growth is the main development goal. Best used as athletic regular upside.
cha,Charlotte Weavers,AAA,Greensboro Nestmakers,Diego,Gomes,25,SP,45,40,60,20,20,20,20,30,50,50,45,65,50,45,60,66,84,66,stamina,on_track,Near-ready relief or swingman option,Starter traits with enough pitch mix to stay in a rotation; workload growth is the main development goal. Best used as near-ready relief or swingman option.
cha,Charlotte Weavers,A_PLUS,Greenville Hivehands,Enzo,Nystrom,21,LF,35,25,60,35,55,30,30,35,35,,,,,,74,78,47,81,power,on_track,Power or corner-depth prospect,Bat-first profile with enough impact to matter if the approach holds; game power is the development focus. Best used as power or corner-depth prospect.
cha,Charlotte Weavers,A,Concord Waxcombs,Franco,Wynn,20,CF,35,25,55,35,30,35,40,55,35,,,,,,88,90,59,96,defense,on_track,Defense/speed development prospect,Up-the-middle athlete with defensive value and pressure-speed traits; defense gives the profile a safer floor. Best used as defense/speed development prospect.
cha,Charlotte Weavers,A,Concord Waxcombs,Griffin,Espina,20,SP,30,20,60,20,20,20,20,30,30,35,30,50,35,30,63,60,71,74,stamina,on_track,Raw arm with starter traits,Starter traits with enough pitch mix to stay in a rotation; workload growth is the main development goal. Best used as raw arm with starter traits.
cha,Charlotte Weavers,ROOKIE,Rock Hill Buzzlets,Hayes,Lofton,19,1B,30,20,60,30,40,35,25,35,30,,,,,,77,72,83,89,fundamentals,bust_risk,Young bat with one loud carrying tool,Bat-first profile with enough impact to matter if the approach holds; fundamentals can turn the tools into a role. Best used as young bat with one loud carrying tool.
cha,Charlotte Weavers,INTERNATIONAL,San Juan Loom Academy,Ivan,Seldon,18,CF,30,20,60,30,25,30,35,50,30,,,,,,91,84,46,67,defense,bust_risk,International/rookie upside lottery ticket,Up-the-middle athlete with defensive value and pressure-speed traits; defense gives the profile a safer floor. Best used as international/rookie upside lottery ticket.
cha,Charlotte Weavers,AAA,Greensboro Nestmakers,Jasper,Ames,27,C,45,40,50,45,45,50,35,60,50,,,,,,72,83,79,60,fundamentals,on_track,Optionable catcher with receiving value,Catcher with staff-handling traits and a realistic defensive path; fundamentals can turn the tools into a role. Best used as optionable catcher with receiving value.
cha,Charlotte Weavers,AAA,Greensboro Nestmakers,Kai,Huxley,26,2B,45,40,50,45,40,45,50,65,45,,,,,,83,90,84,73,defense,on_track,Utility infielder / contact bench bat,Up-the-middle athlete with defensive value and pressure-speed traits; defense gives the profile a safer floor. Best used as utility infielder / contact bench bat.
cha,Charlotte Weavers,AAA,Greensboro Nestmakers,Leland,Ocampo,27,LF,45,40,50,45,55,50,40,50,45,,,,,,94,55,89,86,fundamentals,on_track,Left-handed bench outfield depth,Bat-first profile with enough impact to matter if the approach holds; fundamentals can turn the tools into a role. Best used as left-handed bench outfield depth.
cha,Charlotte Weavers,AAA,Greensboro Nestmakers,Marco,Winslow,28,SP,45,40,50,20,20,20,20,30,50,50,45,65,50,45,66,62,45,62,stamina,on_track,Sixth-starter depth,Starter traits with enough pitch mix to stay in a rotation; workload growth is the main development goal. Best used as sixth-starter depth.
cha,Charlotte Weavers,AA,Columbia Honeycombs,Nestor,Escobar,24,CL,40,35,55,20,20,20,25,30,45,50,40,30,50,50,77,69,50,75,breaking,on_track,Middle-relief shuttle candidate,Late-inning arm with leverage temperament and swing-and-miss shape; breaking-ball quality is the carrying skill. Best used as middle-relief shuttle candidate.
cha,Charlotte Weavers,AA,Columbia Honeycombs,Otis,Lazaro,24,RF,40,35,55,40,50,45,35,45,40,,,,,,88,76,55,88,fundamentals,on_track,Fourth-outfielder depth,Bat-first profile with enough impact to matter if the approach holds; fundamentals can turn the tools into a role. Best used as fourth-outfielder depth.
cha,Charlotte Weavers,A_PLUS,Greenville Hivehands,Paolo,Toma,22,SS,35,25,55,35,30,35,40,55,35,,,,,,60,83,60,64,defense,on_track,Defense-first infield depth,Up-the-middle athlete with defensive value and pressure-speed traits; defense gives the profile a safer floor. Best used as defense-first infield depth.
cha,Charlotte Weavers,A,Concord Waxcombs,Ramon,Carden,21,SP,30,20,55,20,20,20,20,30,30,35,30,50,35,30,71,90,65,77,stamina,on_track,Developmental starter with strike-throwing base,Starter traits with enough pitch mix to stay in a rotation; workload growth is the main development goal. Best used as developmental starter with strike-throwing base.
cha,Charlotte Weavers,ROOKIE,Rock Hill Buzzlets,Samir,Jun,19,C,25,20,50,25,25,30,20,40,30,,,,,,82,55,70,90,fundamentals,on_track,Young catcher / staff-handling project,Catcher with staff-handling traits and a realistic defensive path; fundamentals can turn the tools into a role. Best used as young catcher / staff-handling project.
cha,Charlotte Weavers,INTERNATIONAL,San Juan Loom Academy,Tucker,Quill,18,SS,25,20,55,25,20,25,30,45,25,,,,,,93,62,75,66,defense,on_track,Academy middle-infield glove project,Up-the-middle athlete with defensive value and pressure-speed traits; defense gives the profile a safer floor. Best used as academy middle-infield glove project.
orl,Orlando Sunbursts,A_PLUS,Daytona Cloudbursts,Vito,Ybarra,21,SP,45,40,70,20,20,20,20,30,45,50,50,55,50,50,68,74,87,81,refinement,ahead_of_curve,Top ranked pitching prospect / rotation or leverage upside,"Starter traits with enough pitch mix to stay in a rotation; refinement should decide the role. Fits the org identity around power arms, thunderous but riskier bats, and a few true boom/bust profiles."
orl,Orlando Sunbursts,AA,Jacksonville Bolts,Weston,Farraday,23,C,45,40,65,45,45,45,35,65,50,,,,,,82,86,50,96,defense,on_track,Impact follow prospect / everyday or rotation path,"Catcher with staff-handling traits and a realistic defensive path; defense gives the profile a safer floor. Fits the org identity around power arms, thunderous but riskier bats, and a few true boom/bust profiles."
orl,Orlando Sunbursts,A_PLUS,Daytona Cloudbursts,Yahir,Mercado,21,CF,40,35,60,40,40,35,50,55,40,,,,,,96,56,62,74,tools,on_track,Scarcity-position prospect / above-average role path,"Up-the-middle athlete with defensive value and pressure-speed traits; tools are ahead of current baseball skill. Fits the org identity around power arms, thunderous but riskier bats, and a few true boom/bust profiles."
orl,Orlando Sunbursts,AA,Jacksonville Bolts,Zeke,Valen,22,RF,40,35,60,40,60,35,35,40,40,,,,,,71,68,74,89,power,on_track,Athletic regular upside,Bat-first profile with enough impact to matter if the approach holds; game power is the development focus. Best used as athletic regular upside.
orl,Orlando Sunbursts,AAA,Tampa Voltage,Alden,Dovek,25,RP,50,45,60,20,20,20,25,30,55,55,45,40,70,50,85,80,86,67,velocity,on_track,Near-ready relief or swingman option,Relief profile with one carrying pitch and room for command growth; velocity development drives the upside. Best used as near-ready relief or swingman option.
orl,Orlando Sunbursts,A_PLUS,Daytona Cloudbursts,Brody,Kepler,21,RF,35,25,60,35,55,30,30,35,35,,,,,,60,92,49,82,power,on_track,Power or corner-depth prospect,Bat-first profile with enough impact to matter if the approach holds; game power is the development focus. Best used as power or corner-depth prospect.
orl,Orlando Sunbursts,A,Lakeland Rumbles,Cade,Rivas,20,C,35,25,55,35,35,40,25,50,40,,,,,,74,62,61,60,fundamentals,on_track,Defense/speed development prospect,Catcher with staff-handling traits and a realistic defensive path; fundamentals can turn the tools into a role. Best used as defense/speed development prospect.
orl,Orlando Sunbursts,A,Lakeland Rumbles,Dante,Zavala,20,CL,30,20,60,20,20,20,25,30,30,40,30,20,40,40,88,74,73,75,breaking,on_track,Raw arm with starter traits,Late-inning arm with leverage temperament and swing-and-miss shape; breaking-ball quality is the carrying skill. Best used as raw arm with starter traits.
orl,Orlando Sunbursts,ROOKIE,Kissimmee Sparks,Ezra,Garnet,19,CF,30,20,60,30,25,30,35,50,30,,,,,,63,86,85,90,defense,bust_risk,Young bat with one loud carrying tool,Up-the-middle athlete with defensive value and pressure-speed traits; defense gives the profile a safer floor. Best used as young bat with one loud carrying tool.
orl,Orlando Sunbursts,INTERNATIONAL,Santo Domingo Sunburst Academy,Finnian,Norcross,18,SP,30,20,60,20,20,20,20,30,30,35,30,50,35,30,77,56,48,68,stamina,bust_risk,International/rookie upside lottery ticket,Starter traits with enough pitch mix to stay in a rotation; workload growth is the main development goal. Best used as international/rookie upside lottery ticket.
orl,Orlando Sunbursts,AAA,Tampa Voltage,Gianni,Voss,27,C,45,40,50,45,45,50,35,60,50,,,,,,58,55,81,61,fundamentals,on_track,Optionable catcher with receiving value,Catcher with staff-handling traits and a realistic defensive path; fundamentals can turn the tools into a role. Best used as optionable catcher with receiving value.
orl,Orlando Sunbursts,AAA,Tampa Voltage,Holden,Duarte,26,2B,45,40,50,45,40,45,50,65,45,,,,,,69,62,86,74,defense,on_track,Utility infielder / contact bench bat,Up-the-middle athlete with defensive value and pressure-speed traits; defense gives the profile a safer floor. Best used as utility infielder / contact bench bat.
orl,Orlando Sunbursts,AAA,Tampa Voltage,Ismael,Kovar,27,LF,45,40,50,45,55,50,40,50,45,,,,,,80,69,42,87,fundamentals,on_track,Left-handed bench outfield depth,Bat-first profile with enough impact to matter if the approach holds; fundamentals can turn the tools into a role. Best used as left-handed bench outfield depth.
orl,Orlando Sunbursts,AAA,Tampa Voltage,Jude,Severin,28,SP,45,40,50,20,20,20,20,30,50,50,45,65,50,45,91,76,47,63,stamina,on_track,Sixth-starter depth,Starter traits with enough pitch mix to stay in a rotation; workload growth is the main development goal. Best used as sixth-starter depth.
orl,Orlando Sunbursts,AA,Jacksonville Bolts,Kieran,Bellweather,24,RP,40,35,55,20,20,20,25,30,45,45,35,30,60,40,63,83,52,76,velocity,on_track,Middle-relief shuttle candidate,Relief profile with one carrying pitch and room for command growth; velocity development drives the upside. Best used as middle-relief shuttle candidate.
orl,Orlando Sunbursts,AA,Jacksonville Bolts,Leandro,Ives,24,RF,40,35,55,40,50,45,35,45,40,,,,,,74,90,57,89,fundamentals,on_track,Fourth-outfielder depth,Bat-first profile with enough impact to matter if the approach holds; fundamentals can turn the tools into a role. Best used as fourth-outfielder depth.
orl,Orlando Sunbursts,A_PLUS,Daytona Cloudbursts,Micah,Paredes,22,SS,35,25,55,35,30,35,40,55,35,,,,,,85,55,62,65,defense,on_track,Defense-first infield depth,Up-the-middle athlete with defensive value and pressure-speed traits; defense gives the profile a safer floor. Best used as defense-first infield depth.
orl,Orlando Sunbursts,A,Lakeland Rumbles,Niko,Wexler,21,SP,30,20,55,20,20,20,20,30,30,35,30,50,35,30,96,62,67,78,stamina,on_track,Developmental starter with strike-throwing base,Starter traits with enough pitch mix to stay in a rotation; workload growth is the main development goal. Best used as developmental starter with strike-throwing base.
orl,Orlando Sunbursts,ROOKIE,Kissimmee Sparks,Ozzie,Evers,19,C,25,20,50,25,25,30,20,40,30,,,,,,68,69,72,91,fundamentals,on_track,Young catcher / staff-handling project,Catcher with staff-handling traits and a realistic defensive path; fundamentals can turn the tools into a role. Best used as young catcher / staff-handling project.
orl,Orlando Sunbursts,INTERNATIONAL,Santo Domingo Sunburst Academy,Pierce,Linton,18,RP,25,20,55,20,20,20,25,30,25,30,20,20,45,25,79,76,77,67,velocity,on_track,Academy arm strength project,Relief profile with one carrying pitch and room for command growth; velocity development drives the upside. Best used as academy arm strength project.
ral,Raleigh Pines,AA,Wilmington Pinecones,Rowan,Tejada,23,SP,45,40,65,20,20,20,20,30,50,55,45,55,50,60,93,88,89,82,breaking,on_track,Top ranked pitching prospect / rotation or leverage upside,"Starter traits with enough pitch mix to stay in a rotation; breaking-ball quality is the carrying skill. Fits the org identity around pitching, outfield defense, low walk rates, and disciplined development pacing."
ral,Raleigh Pines,AA,Wilmington Pinecones,Sterling,Carrow,23,3B,45,40,65,45,65,40,40,50,45,,,,,,68,58,52,60,power,on_track,Impact follow prospect / everyday or rotation path,"Bat-first profile with enough impact to matter if the approach holds; game power is the development focus. Fits the org identity around pitching, outfield defense, low walk rates, and disciplined development pacing."
ral,Raleigh Pines,A_PLUS,Fayetteville Resin Riders,Tristan,Jurado,21,2B,40,35,65,40,40,35,50,60,40,,,,,,82,70,64,75,tools,on_track,Scarcity-position prospect / above-average role path,"Up-the-middle athlete with defensive value and pressure-speed traits; tools are ahead of current baseball skill. Fits the org identity around pitching, outfield defense, low walk rates, and disciplined development pacing."
ral,Raleigh Pines,AA,Wilmington Pinecones,Victor,Quade,22,SS,40,35,60,40,40,35,50,60,40,,,,,,96,82,76,90,tools,on_track,Athletic regular upside,Up-the-middle athlete with defensive value and pressure-speed traits; tools are ahead of current baseball skill. Best used as athletic regular upside.
ral,Raleigh Pines,AAA,Durham Longleafs,Wyatt,Yates,25,RP,50,45,60,20,20,20,25,30,55,55,45,40,70,55,71,94,88,68,velocity,on_track,Near-ready relief or swingman option,Relief profile with one carrying pitch and room for command growth; velocity development drives the upside. Best used as near-ready relief or swingman option.
ral,Raleigh Pines,A_PLUS,Fayetteville Resin Riders,Xander,Falk,21,DH,35,25,60,35,55,30,30,40,35,,,,,,85,64,51,83,power,on_track,Power or corner-depth prospect,Bat-first profile with enough impact to matter if the approach holds; game power is the development focus. Best used as power or corner-depth prospect.
ral,Raleigh Pines,A,Chapel Hill Needles,Yosef,Marin,20,LF,35,25,55,35,45,40,30,45,35,,,,,,60,76,63,61,fundamentals,on_track,Defense/speed development prospect,Bat-first profile with enough impact to matter if the approach holds; fundamentals can turn the tools into a role. Best used as defense/speed development prospect.
ral,Raleigh Pines,A,Chapel Hill Needles,Zev,Uribe,20,SP,30,20,60,20,20,20,20,30,30,35,30,50,35,35,74,88,75,76,stamina,on_track,Raw arm with starter traits,Starter traits with enough pitch mix to stay in a rotation; workload growth is the main development goal. Best used as raw arm with starter traits.
ral,Raleigh Pines,ROOKIE,Cary Sprouts,Ari,Duarte,19,C,30,20,60,30,30,35,20,50,35,,,,,,88,58,87,91,fundamentals,bust_risk,Young bat with one loud carrying tool,Catcher with staff-handling traits and a realistic defensive path; fundamentals can turn the tools into a role. Best used as young bat with one loud carrying tool.
ral,Raleigh Pines,INTERNATIONAL,Bayamon Pines Academy,Bento,Kovar,18,C,30,20,60,30,30,35,20,50,35,,,,,,63,70,50,69,fundamentals,bust_risk,International/rookie upside lottery ticket,Catcher with staff-handling traits and a realistic defensive path; fundamentals can turn the tools into a role. Best used as international/rookie upside lottery ticket.
ral,Raleigh Pines,AAA,Durham Longleafs,Caleb,Severin,27,C,45,40,50,45,45,50,35,65,50,,,,,,83,69,83,62,fundamentals,on_track,Optionable catcher with receiving value,Catcher with staff-handling traits and a realistic defensive path; fundamentals can turn the tools into a role. Best used as optionable catcher with receiving value.
ral,Raleigh Pines,AAA,Durham Longleafs,Dario,Bellweather,26,3B,45,40,50,45,55,50,40,55,45,,,,,,94,76,88,75,fundamentals,on_track,Utility infielder / contact bench bat,Bat-first profile with enough impact to matter if the approach holds; fundamentals can turn the tools into a role. Best used as utility infielder / contact bench bat.
ral,Raleigh Pines,AAA,Durham Longleafs,Elias,Ives,27,CF,45,40,50,45,40,45,50,70,45,,,,,,66,83,44,88,defense,on_track,Left-handed bench outfield depth,Up-the-middle athlete with defensive value and pressure-speed traits; defense gives the profile a safer floor. Best used as left-handed bench outfield depth.
ral,Raleigh Pines,AAA,Durham Longleafs,Fynn,Paredes,28,SP,45,40,50,20,20,20,20,30,50,50,45,65,50,50,77,90,49,64,stamina,on_track,Sixth-starter depth,Starter traits with enough pitch mix to stay in a rotation; workload growth is the main development goal. Best used as sixth-starter depth.
ral,Raleigh Pines,AA,Wilmington Pinecones,Gideon,Wexler,24,RP,40,35,55,20,20,20,25,30,45,45,35,30,60,45,88,55,54,77,velocity,on_track,Middle-relief shuttle candidate,Relief profile with one carrying pitch and room for command growth; velocity development drives the upside. Best used as middle-relief shuttle candidate.
ral,Raleigh Pines,AA,Wilmington Pinecones,Harlan,Evers,24,RF,40,35,55,40,50,45,35,50,40,,,,,,60,62,59,90,fundamentals,on_track,Fourth-outfielder depth,Bat-first profile with enough impact to matter if the approach holds; fundamentals can turn the tools into a role. Best used as fourth-outfielder depth.
ral,Raleigh Pines,A_PLUS,Fayetteville Resin Riders,Isaak,Linton,22,SS,35,25,55,35,30,35,40,60,35,,,,,,71,69,64,66,defense,on_track,Defense-first infield depth,Up-the-middle athlete with defensive value and pressure-speed traits; defense gives the profile a safer floor. Best used as defense-first infield depth.
ral,Raleigh Pines,A,Chapel Hill Needles,Jalen,Tejada,21,SP,30,20,55,20,20,20,20,30,30,35,30,50,35,35,82,76,69,79,stamina,on_track,Developmental starter with strike-throwing base,Starter traits with enough pitch mix to stay in a rotation; workload growth is the main development goal. Best used as developmental starter with strike-throwing base.
ral,Raleigh Pines,ROOKIE,Cary Sprouts,Keon,Carrow,19,C,25,20,50,25,25,30,20,45,30,,,,,,93,83,74,92,fundamentals,on_track,Young catcher / staff-handling project,Catcher with staff-handling traits and a realistic defensive path; fundamentals can turn the tools into a role. Best used as young catcher / staff-handling project.
ral,Raleigh Pines,INTERNATIONAL,Bayamon Pines Academy,Luca,Jurado,18,SS,25,20,55,25,20,25,30,50,25,,,,,,65,90,79,68,defense,on_track,Academy middle-infield glove project,Up-the-middle athlete with defensive value and pressure-speed traits; defense gives the profile a safer floor. Best used as academy middle-infield glove project.
hou,Houston Starliners,AA,Galveston Orbiteers,Mateo,Quade,22,SS,50,45,75,50,55,45,60,65,50,,,,,,79,60,42,83,tools,ahead_of_curve,Top ranked prospect / potential impact regular,"Up-the-middle athlete with defensive value and pressure-speed traits; tools are ahead of current baseball skill. Fits the org identity around pitch design, power bats, analytics-heavy development, and defensive shortstops."
hou,Houston Starliners,AA,Galveston Orbiteers,Nolan,Yates,23,SP,45,40,65,20,20,20,20,30,50,50,50,55,50,50,93,72,54,61,refinement,on_track,Impact follow prospect / everyday or rotation path,"Starter traits with enough pitch mix to stay in a rotation; refinement should decide the role. Fits the org identity around pitch design, power bats, analytics-heavy development, and defensive shortstops."
hou,Houston Starliners,A_PLUS,The Woodlands Starbreakers,Omar,Falk,21,RP,40,35,60,20,20,20,25,30,40,45,35,30,60,40,68,84,66,76,velocity,on_track,Scarcity-position prospect / above-average role path,"Relief profile with one carrying pitch and room for command growth; velocity development drives the upside. Fits the org identity around pitch design, power bats, analytics-heavy development, and defensive shortstops."
hou,Houston Starliners,AA,Galveston Orbiteers,Pascal,Marin,22,LF,40,35,60,40,65,35,35,40,40,,,,,,82,96,78,91,power,on_track,Athletic regular upside,Bat-first profile with enough impact to matter if the approach holds; game power is the development focus. Best used as athletic regular upside.
hou,Houston Starliners,AAA,Corpus Navigators,Quinn,Uribe,25,CL,50,45,60,20,20,20,25,30,55,60,50,40,60,60,96,66,90,69,breaking,on_track,Near-ready relief or swingman option,Late-inning arm with leverage temperament and swing-and-miss shape; breaking-ball quality is the carrying skill. Best used as near-ready relief or swingman option.
hou,Houston Starliners,A_PLUS,The Woodlands Starbreakers,Rafael,Canelo,21,C,35,25,60,35,40,40,25,50,40,,,,,,71,78,53,84,fundamentals,on_track,Power or corner-depth prospect,Catcher with staff-handling traits and a realistic defensive path; fundamentals can turn the tools into a role. Best used as power or corner-depth prospect.
hou,Houston Starliners,A,Beaumont Starhands,Silas,Jenkins,20,3B,35,25,55,35,50,40,30,40,35,,,,,,85,90,65,62,fundamentals,on_track,Defense/speed development prospect,Bat-first profile with enough impact to matter if the approach holds; fundamentals can turn the tools into a role. Best used as defense/speed development prospect.
hou,Houston Starliners,A,Beaumont Starhands,Theo,Rendon,20,RP,30,20,60,20,20,20,25,30,30,35,25,20,50,30,60,60,77,77,velocity,on_track,Raw arm with starter traits,Relief profile with one carrying pitch and room for command growth; velocity development drives the upside. Best used as raw arm with starter traits.
hou,Houston Starliners,ROOKIE,Pasadena Launchpads,Ulises,Abarca,19,DH,30,20,60,30,45,35,25,35,30,,,,,,74,72,89,92,fundamentals,bust_risk,Young bat with one loud carrying tool,Bat-first profile with enough impact to matter if the approach holds; fundamentals can turn the tools into a role. Best used as young bat with one loud carrying tool.
hou,Houston Starliners,INTERNATIONAL,Santo Domingo Space Academy,Vidal,Harrow,18,RF,30,20,60,30,45,35,25,35,30,,,,,,88,84,52,70,fundamentals,bust_risk,International/rookie upside lottery ticket,Bat-first profile with enough impact to matter if the approach holds; fundamentals can turn the tools into a role. Best used as international/rookie upside lottery ticket.
hou,Houston Starliners,AAA,Corpus Navigators,Wes,Okafor,27,C,45,40,50,45,50,50,35,60,50,,,,,,69,83,85,63,fundamentals,on_track,Optionable catcher with receiving value,Catcher with staff-handling traits and a realistic defensive path; fundamentals can turn the tools into a role. Best used as optionable catcher with receiving value.
hou,Houston Starliners,AAA,Corpus Navigators,Xavi,Velas,26,2B,45,40,50,45,45,45,50,65,45,,,,,,80,90,90,76,defense,on_track,Utility infielder / contact bench bat,Up-the-middle athlete with defensive value and pressure-speed traits; defense gives the profile a safer floor. Best used as utility infielder / contact bench bat.
hou,Houston Starliners,AAA,Corpus Navigators,Yael,Daschle,27,LF,45,40,50,45,60,50,40,50,45,,,,,,91,55,46,89,fundamentals,on_track,Left-handed bench outfield depth,Bat-first profile with enough impact to matter if the approach holds; fundamentals can turn the tools into a role. Best used as left-handed bench outfield depth.
hou,Houston Starliners,AAA,Corpus Navigators,Zane,Kimura,28,SP,45,40,50,20,20,20,20,30,50,50,45,65,50,45,63,62,51,65,stamina,on_track,Sixth-starter depth,Starter traits with enough pitch mix to stay in a rotation; workload growth is the main development goal. Best used as sixth-starter depth.
hou,Houston Starliners,AA,Galveston Orbiteers,Emilio,Solberg,24,CL,40,35,55,20,20,20,25,30,45,50,40,30,50,50,74,69,56,78,breaking,on_track,Middle-relief shuttle candidate,Late-inning arm with leverage temperament and swing-and-miss shape; breaking-ball quality is the carrying skill. Best used as middle-relief shuttle candidate.
hou,Houston Starliners,AA,Galveston Orbiteers,Tomas,Bexley,24,RF,40,35,55,40,55,45,35,45,40,,,,,,85,76,61,91,fundamentals,on_track,Fourth-outfielder depth,Bat-first profile with enough impact to matter if the approach holds; fundamentals can turn the tools into a role. Best used as fourth-outfielder depth.
hou,Houston Starliners,A_PLUS,The Woodlands Starbreakers,Jonas,Ibarra,22,SS,35,25,55,35,35,35,40,55,35,,,,,,96,83,66,67,defense,on_track,Defense-first infield depth,Up-the-middle athlete with defensive value and pressure-speed traits; defense gives the profile a safer floor. Best used as defense-first infield depth.
hou,Houston Starliners,A,Beaumont Starhands,Milo,Prado,21,SP,30,20,55,20,20,20,20,30,30,35,30,50,35,30,68,90,71,80,stamina,on_track,Developmental starter with strike-throwing base,Starter traits with enough pitch mix to stay in a rotation; workload growth is the main development goal. Best used as developmental starter with strike-throwing base.
hou,Houston Starliners,ROOKIE,Pasadena Launchpads,Nico,Walden,19,C,25,20,50,25,30,30,20,40,30,,,,,,79,55,76,93,fundamentals,on_track,Young catcher / staff-handling project,Catcher with staff-handling traits and a realistic defensive path; fundamentals can turn the tools into a role. Best used as young catcher / staff-handling project.
hou,Houston Starliners,INTERNATIONAL,Santo Domingo Space Academy,Soren,Eldridge,18,RP,25,20,55,20,20,20,25,30,25,30,20,20,45,25,90,62,81,69,velocity,on_track,Academy arm strength project,Relief profile with one carrying pitch and room for command growth; velocity development drives the upside. Best used as academy arm strength project.
dal,Dallas Lone Stars,A_PLUS,Plano Starbridges,Tariq,Lagos,21,3B,40,35,70,40,65,35,35,40,40,,,,,,65,74,44,84,power,ahead_of_curve,Top ranked prospect / potential impact regular,"Bat-first profile with enough impact to matter if the approach holds; game power is the development focus. Fits the org identity around loud tools, corner power, big-arm relievers, and patience with swing-and-miss risk."
dal,Dallas Lone Stars,AA,Waco Lone Riders,Andre,Tavares,23,RF,45,40,65,45,70,40,40,45,45,,,,,,79,86,56,62,power,on_track,Impact follow prospect / everyday or rotation path,"Bat-first profile with enough impact to matter if the approach holds; game power is the development focus. Fits the org identity around loud tools, corner power, big-arm relievers, and patience with swing-and-miss risk."
dal,Dallas Lone Stars,A_PLUS,Plano Starbridges,Cyrus,Bravik,21,1B,40,35,60,40,65,35,35,40,40,,,,,,93,56,68,77,power,on_track,Scarcity-position prospect / above-average role path,"Bat-first profile with enough impact to matter if the approach holds; game power is the development focus. Fits the org identity around loud tools, corner power, big-arm relievers, and patience with swing-and-miss risk."
dal,Dallas Lone Stars,AA,Waco Lone Riders,Damon,Inoa,22,C,40,35,60,40,45,40,30,60,45,,,,,,68,68,80,92,defense,on_track,Athletic regular upside,Catcher with staff-handling traits and a realistic defensive path; defense gives the profile a safer floor. Best used as athletic regular upside.
dal,Dallas Lone Stars,AAA,Fort Worth Spur Knights,Felix,Paloma,25,SP,45,40,60,20,20,20,20,30,50,50,45,65,50,45,82,80,43,70,stamina,on_track,Near-ready relief or swingman option,Starter traits with enough pitch mix to stay in a rotation; workload growth is the main development goal. Best used as near-ready relief or swingman option.
dal,Dallas Lone Stars,A_PLUS,Plano Starbridges,Gavin,Zuniga,21,2B,35,25,60,35,35,35,40,55,35,,,,,,96,92,55,85,defense,on_track,Power or corner-depth prospect,Up-the-middle athlete with defensive value and pressure-speed traits; defense gives the profile a safer floor. Best used as power or corner-depth prospect.
dal,Dallas Lone Stars,A,Tyler Cattle Stars,Hugo,Gallardo,20,RF,35,25,55,35,50,40,30,40,35,,,,,,71,62,67,63,fundamentals,on_track,Defense/speed development prospect,Bat-first profile with enough impact to matter if the approach holds; fundamentals can turn the tools into a role. Best used as defense/speed development prospect.
dal,Dallas Lone Stars,A,Tyler Cattle Stars,Ilya,Nadeau,20,SP,30,20,60,20,20,20,20,30,30,35,30,50,35,30,85,74,79,78,stamina,on_track,Raw arm with starter traits,Starter traits with enough pitch mix to stay in a rotation; workload growth is the main development goal. Best used as raw arm with starter traits.
dal,Dallas Lone Stars,ROOKIE,Frisco Night Herd,Joaquin,Upton,19,2B,30,20,60,30,30,30,35,50,30,,,,,,60,86,42,93,defense,bust_risk,Young bat with one loud carrying tool,Up-the-middle athlete with defensive value and pressure-speed traits; defense gives the profile a safer floor. Best used as young bat with one loud carrying tool.
dal,Dallas Lone Stars,INTERNATIONAL,Monterrey Lone Star Academy,Kaito,Cruzado,18,LF,30,20,60,30,45,35,25,35,30,,,,,,74,56,54,71,fundamentals,bust_risk,International/rookie upside lottery ticket,Bat-first profile with enough impact to matter if the approach holds; fundamentals can turn the tools into a role. Best used as international/rookie upside lottery ticket.
dal,Dallas Lone Stars,AAA,Fort Worth Spur Knights,Leon,Jasso,27,C,45,40,50,45,50,50,35,60,50,,,,,,94,55,87,64,fundamentals,on_track,Optionable catcher with receiving value,Catcher with staff-handling traits and a realistic defensive path; fundamentals can turn the tools into a role. Best used as optionable catcher with receiving value.
dal,Dallas Lone Stars,AAA,Fort Worth Spur Knights,Malik,Rinaldi,26,2B,45,40,50,45,45,45,50,65,45,,,,,,66,62,43,77,defense,on_track,Utility infielder / contact bench bat,Up-the-middle athlete with defensive value and pressure-speed traits; defense gives the profile a safer floor. Best used as utility infielder / contact bench bat.
dal,Dallas Lone Stars,AAA,Fort Worth Spur Knights,Noel,Arden,27,LF,45,40,50,45,60,50,40,50,45,,,,,,77,69,48,90,fundamentals,on_track,Left-handed bench outfield depth,Bat-first profile with enough impact to matter if the approach holds; fundamentals can turn the tools into a role. Best used as left-handed bench outfield depth.
dal,Dallas Lone Stars,AAA,Fort Worth Spur Knights,Orion,Hollis,28,SP,45,40,50,20,20,20,20,30,50,50,45,65,50,45,88,76,53,66,stamina,on_track,Sixth-starter depth,Starter traits with enough pitch mix to stay in a rotation; workload growth is the main development goal. Best used as sixth-starter depth.
dal,Dallas Lone Stars,AA,Waco Lone Riders,Pavel,Osuna,24,RP,40,35,55,20,20,20,25,30,45,45,35,30,60,40,60,83,58,79,velocity,on_track,Middle-relief shuttle candidate,Relief profile with one carrying pitch and room for command growth; velocity development drives the upside. Best used as middle-relief shuttle candidate.
dal,Dallas Lone Stars,AA,Waco Lone Riders,Rey,Virelli,24,RF,40,35,55,40,55,45,35,45,40,,,,,,71,90,63,92,fundamentals,on_track,Fourth-outfielder depth,Bat-first profile with enough impact to matter if the approach holds; fundamentals can turn the tools into a role. Best used as fourth-outfielder depth.
dal,Dallas Lone Stars,A_PLUS,Plano Starbridges,Santos,Decker,22,SS,35,25,55,35,35,35,40,55,35,,,,,,82,55,68,68,defense,on_track,Defense-first infield depth,Up-the-middle athlete with defensive value and pressure-speed traits; defense gives the profile a safer floor. Best used as defense-first infield depth.
dal,Dallas Lone Stars,A,Tyler Cattle Stars,Talen,Korman,21,SP,30,20,55,20,20,20,20,30,30,35,30,50,35,30,93,62,73,81,stamina,on_track,Developmental starter with strike-throwing base,Starter traits with enough pitch mix to stay in a rotation; workload growth is the main development goal. Best used as developmental starter with strike-throwing base.
dal,Dallas Lone Stars,ROOKIE,Frisco Night Herd,Uri,Stellan,19,C,25,20,50,25,30,30,20,40,30,,,,,,65,69,78,94,fundamentals,on_track,Young catcher / staff-handling project,Catcher with staff-handling traits and a realistic defensive path; fundamentals can turn the tools into a role. Best used as young catcher / staff-handling project.
dal,Dallas Lone Stars,INTERNATIONAL,Monterrey Lone Star Academy,Vaughn,Amador,18,SS,25,20,55,25,25,25,30,45,25,,,,,,76,76,83,70,defense,on_track,Academy middle-infield glove project,Up-the-middle athlete with defensive value and pressure-speed traits; defense gives the profile a safer floor. Best used as academy middle-infield glove project.
sat,San Antonio Riverwalk,AA,Laredo Esplanades,Wade,Hoshino,23,C,45,40,65,45,45,45,35,65,50,,,,,,90,88,46,85,defense,on_track,Top ranked prospect / potential impact regular,"Catcher with staff-handling traits and a realistic defensive path; defense gives the profile a safer floor. Fits the org identity around contact, defense, command, and players who grow through steady level-to-level promotions."
sat,San Antonio Riverwalk,AA,Laredo Esplanades,Yuri,Otero,23,SP,45,40,65,20,20,20,20,30,50,50,50,55,50,50,65,58,58,63,refinement,on_track,Impact follow prospect / everyday or rotation path,"Starter traits with enough pitch mix to stay in a rotation; refinement should decide the role. Fits the org identity around contact, defense, command, and players who grow through steady level-to-level promotions."
sat,San Antonio Riverwalk,A_PLUS,New Braunfels Floaters,Zion,Yoshida,21,C,40,35,60,40,40,40,30,60,45,,,,,,79,70,70,78,defense,on_track,Scarcity-position prospect / above-average role path,"Catcher with staff-handling traits and a realistic defensive path; defense gives the profile a safer floor. Fits the org identity around contact, defense, command, and players who grow through steady level-to-level promotions."
sat,San Antonio Riverwalk,AA,Laredo Esplanades,Alonzo,Fenn,22,2B,40,35,60,40,40,35,50,55,40,,,,,,93,82,82,93,tools,on_track,Athletic regular upside,Up-the-middle athlete with defensive value and pressure-speed traits; tools are ahead of current baseball skill. Best used as athletic regular upside.
sat,San Antonio Riverwalk,AAA,El Paso Riverstones,Bruno,Montano,25,RP,50,45,60,20,20,20,25,30,55,55,45,40,70,50,68,94,45,71,velocity,on_track,Near-ready relief or swingman option,Relief profile with one carrying pitch and room for command growth; velocity development drives the upside. Best used as near-ready relief or swingman option.
sat,San Antonio Riverwalk,A_PLUS,New Braunfels Floaters,Cassian,Talbot,21,3B,35,25,60,35,55,30,30,35,35,,,,,,82,64,57,86,power,on_track,Power or corner-depth prospect,Bat-first profile with enough impact to matter if the approach holds; game power is the development focus. Best used as power or corner-depth prospect.
sat,San Antonio Riverwalk,A,Seguin Spillways,Diego,Barrow,20,SS,35,25,55,35,30,35,40,55,35,,,,,,96,76,69,64,defense,on_track,Defense/speed development prospect,Up-the-middle athlete with defensive value and pressure-speed traits; defense gives the profile a safer floor. Best used as defense/speed development prospect.
sat,San Antonio Riverwalk,A,Seguin Spillways,Enzo,Ibarra,20,RP,30,20,60,20,20,20,25,30,30,35,25,20,50,30,71,88,81,79,velocity,on_track,Raw arm with starter traits,Relief profile with one carrying pitch and room for command growth; velocity development drives the upside. Best used as raw arm with starter traits.
sat,San Antonio Riverwalk,ROOKIE,Alamo Walkers,Franco,Park,19,3B,30,20,60,30,40,35,25,35,30,,,,,,85,58,44,94,fundamentals,bust_risk,Young bat with one loud carrying tool,Bat-first profile with enough impact to matter if the approach holds; fundamentals can turn the tools into a role. Best used as young bat with one loud carrying tool.
sat,San Antonio Riverwalk,INTERNATIONAL,Monterrey Riverwalk Academy,Griffin,Zamora,18,RP,30,20,60,20,20,20,25,30,30,35,25,20,50,30,60,70,56,72,velocity,bust_risk,International/rookie upside lottery ticket,Relief profile with one carrying pitch and room for command growth; velocity development drives the upside. Best used as international/rookie upside lottery ticket.
sat,San Antonio Riverwalk,AAA,El Paso Riverstones,Hayes,Gable,27,C,45,40,50,45,45,50,35,60,50,,,,,,80,69,89,65,fundamentals,on_track,Optionable catcher with receiving value,Catcher with staff-handling traits and a realistic defensive path; fundamentals can turn the tools into a role. Best used as optionable catcher with receiving value.
sat,San Antonio Riverwalk,AAA,El Paso Riverstones,Ivan,Novak,26,2B,45,40,50,45,40,45,50,65,45,,,,,,91,76,45,78,defense,on_track,Utility infielder / contact bench bat,Up-the-middle athlete with defensive value and pressure-speed traits; defense gives the profile a safer floor. Best used as utility infielder / contact bench bat.
sat,San Antonio Riverwalk,AAA,El Paso Riverstones,Jasper,Ullman,27,LF,45,40,50,45,55,50,40,50,45,,,,,,63,83,50,91,fundamentals,on_track,Left-handed bench outfield depth,Bat-first profile with enough impact to matter if the approach holds; fundamentals can turn the tools into a role. Best used as left-handed bench outfield depth.
sat,San Antonio Riverwalk,AAA,El Paso Riverstones,Kai,Corvin,28,SP,45,40,50,20,20,20,20,30,50,50,45,65,50,45,74,90,55,67,stamina,on_track,Sixth-starter depth,Starter traits with enough pitch mix to stay in a rotation; workload growth is the main development goal. Best used as sixth-starter depth.
sat,San Antonio Riverwalk,AA,Laredo Esplanades,Leland,Jovic,24,RP,40,35,55,20,20,20,25,30,45,45,35,30,60,40,85,55,60,80,velocity,on_track,Middle-relief shuttle candidate,Relief profile with one carrying pitch and room for command growth; velocity development drives the upside. Best used as middle-relief shuttle candidate.
sat,San Antonio Riverwalk,AA,Laredo Esplanades,Marco,Rocha,24,RF,40,35,55,40,50,45,35,45,40,,,,,,96,62,65,93,fundamentals,on_track,Fourth-outfielder depth,Bat-first profile with enough impact to matter if the approach holds; fundamentals can turn the tools into a role. Best used as fourth-outfielder depth.
sat,San Antonio Riverwalk,A_PLUS,New Braunfels Floaters,Nestor,Zeller,22,SS,35,25,55,35,30,35,40,55,35,,,,,,68,69,70,69,defense,on_track,Defense-first infield depth,Up-the-middle athlete with defensive value and pressure-speed traits; defense gives the profile a safer floor. Best used as defense-first infield depth.
sat,San Antonio Riverwalk,A,Seguin Spillways,Otis,Gaitan,21,SP,30,20,55,20,20,20,20,30,30,35,30,50,35,30,79,76,75,82,stamina,on_track,Developmental starter with strike-throwing base,Starter traits with enough pitch mix to stay in a rotation; workload growth is the main development goal. Best used as developmental starter with strike-throwing base.
sat,San Antonio Riverwalk,ROOKIE,Alamo Walkers,Paolo,Noriega,19,C,25,20,50,25,25,30,20,40,30,,,,,,90,83,80,95,fundamentals,on_track,Young catcher / staff-handling project,Catcher with staff-handling traits and a realistic defensive path; fundamentals can turn the tools into a role. Best used as young catcher / staff-handling project.
sat,San Antonio Riverwalk,INTERNATIONAL,Monterrey Riverwalk Academy,Ramon,Wirth,18,RP,25,20,55,20,20,20,25,30,25,30,20,20,45,25,62,90,85,71,velocity,on_track,Academy arm strength project,Relief profile with one carrying pitch and room for command growth; velocity development drives the upside. Best used as academy arm strength project.
den,Denver Altitude,A_PLUS,Pueblo Highliners,Samir,Easton,21,RF,45,40,80,45,70,40,40,45,45,,,,,,76,60,48,86,power,ahead_of_curve,Top ranked prospect / potential impact regular,"Bat-first profile with enough impact to matter if the approach holds; game power is the development focus. Fits the org identity around altitude-shaped offense: contact, power, and stamina; pitchers need movement and ground-ball traits."
den,Denver Altitude,AA,Boulder Thin Airs,Tucker,Lark,23,SP,45,40,65,20,20,20,20,30,50,50,50,55,50,50,90,72,60,64,refinement,on_track,Impact follow prospect / everyday or rotation path,"Starter traits with enough pitch mix to stay in a rotation; refinement should decide the role. Fits the org identity around altitude-shaped offense: contact, power, and stamina; pitchers need movement and ground-ball traits."
den,Denver Altitude,A_PLUS,Pueblo Highliners,Vito,Sato,21,C,40,35,60,40,45,40,30,60,45,,,,,,65,84,72,79,defense,on_track,Scarcity-position prospect / above-average role path,"Catcher with staff-handling traits and a realistic defensive path; defense gives the profile a safer floor. Fits the org identity around altitude-shaped offense: contact, power, and stamina; pitchers need movement and ground-ball traits."
den,Denver Altitude,AA,Boulder Thin Airs,Weston,Albright,22,CF,40,35,60,40,45,35,50,55,40,,,,,,79,96,84,94,tools,on_track,Athletic regular upside,Up-the-middle athlete with defensive value and pressure-speed traits; tools are ahead of current baseball skill. Best used as athletic regular upside.
den,Denver Altitude,AAA,Colorado Springs Moonshots,Yahir,Halberg,25,RP,50,45,60,20,20,20,25,30,55,55,45,40,70,50,93,66,47,72,velocity,on_track,Near-ready relief or swingman option,Relief profile with one carrying pitch and room for command growth; velocity development drives the upside. Best used as near-ready relief or swingman option.
den,Denver Altitude,A_PLUS,Pueblo Highliners,Zeke,Ortega,21,3B,35,25,60,35,60,30,30,35,35,,,,,,68,78,59,87,power,on_track,Power or corner-depth prospect,Bat-first profile with enough impact to matter if the approach holds; game power is the development focus. Best used as power or corner-depth prospect.
den,Denver Altitude,A,Fort Collins Lift,Alden,Yoon,20,SS,35,25,55,35,35,35,40,55,35,,,,,,82,90,71,65,defense,on_track,Defense/speed development prospect,Up-the-middle athlete with defensive value and pressure-speed traits; defense gives the profile a safer floor. Best used as defense/speed development prospect.
den,Denver Altitude,A,Fort Collins Lift,Brody,Frost,20,SP,30,20,60,20,20,20,20,30,30,35,30,50,35,30,96,60,83,80,stamina,on_track,Raw arm with starter traits,Starter traits with enough pitch mix to stay in a rotation; workload growth is the main development goal. Best used as raw arm with starter traits.
den,Denver Altitude,ROOKIE,Front Range Launchers,Cade,Merritt,19,RF,30,20,60,30,45,35,25,35,30,,,,,,71,72,46,95,fundamentals,bust_risk,Young bat with one loud carrying tool,Bat-first profile with enough impact to matter if the approach holds; fundamentals can turn the tools into a role. Best used as young bat with one loud carrying tool.
den,Denver Altitude,INTERNATIONAL,La Romana Altitude Academy,Dante,Torres,18,2B,30,20,60,30,30,30,35,50,30,,,,,,85,84,58,73,defense,bust_risk,International/rookie upside lottery ticket,Up-the-middle athlete with defensive value and pressure-speed traits; defense gives the profile a safer floor. Best used as international/rookie upside lottery ticket.
den,Denver Altitude,AAA,Colorado Springs Moonshots,Ezra,Briar,27,C,45,40,50,45,50,50,35,60,50,,,,,,66,83,42,66,fundamentals,on_track,Optionable catcher with receiving value,Catcher with staff-handling traits and a realistic defensive path; fundamentals can turn the tools into a role. Best used as optionable catcher with receiving value.
den,Denver Altitude,AAA,Colorado Springs Moonshots,Finnian,Irizarry,26,3B,45,40,50,45,60,50,40,50,45,,,,,,77,90,47,79,fundamentals,on_track,Utility infielder / contact bench bat,Bat-first profile with enough impact to matter if the approach holds; fundamentals can turn the tools into a role. Best used as utility infielder / contact bench bat.
den,Denver Altitude,AAA,Colorado Springs Moonshots,Gianni,Pryce,27,LF,45,40,50,45,60,50,40,50,45,,,,,,88,55,52,92,fundamentals,on_track,Left-handed bench outfield depth,Bat-first profile with enough impact to matter if the approach holds; fundamentals can turn the tools into a role. Best used as left-handed bench outfield depth.
den,Denver Altitude,AAA,Colorado Springs Moonshots,Holden,Yanez,28,SP,45,40,50,20,20,20,20,30,50,50,45,65,50,45,60,62,57,68,stamina,on_track,Sixth-starter depth,Starter traits with enough pitch mix to stay in a rotation; workload growth is the main development goal. Best used as sixth-starter depth.
den,Denver Altitude,AA,Boulder Thin Airs,Ismael,Fujiwara,24,CL,40,35,55,20,20,20,25,30,45,50,40,30,50,50,71,69,62,81,breaking,on_track,Middle-relief shuttle candidate,Late-inning arm with leverage temperament and swing-and-miss shape; breaking-ball quality is the carrying skill. Best used as middle-relief shuttle candidate.
den,Denver Altitude,AA,Boulder Thin Airs,Jude,Matsu,24,RF,40,35,55,40,55,45,35,45,40,,,,,,82,76,67,94,fundamentals,on_track,Fourth-outfielder depth,Bat-first profile with enough impact to matter if the approach holds; fundamentals can turn the tools into a role. Best used as fourth-outfielder depth.
den,Denver Altitude,A_PLUS,Pueblo Highliners,Kieran,Varela,22,SS,35,25,55,35,35,35,40,55,35,,,,,,93,83,72,70,defense,on_track,Defense-first infield depth,Up-the-middle athlete with defensive value and pressure-speed traits; defense gives the profile a safer floor. Best used as defense-first infield depth.
den,Denver Altitude,A,Fort Collins Lift,Leandro,Delrio,21,SP,30,20,55,20,20,20,20,30,30,35,30,50,35,30,65,90,77,83,stamina,on_track,Developmental starter with strike-throwing base,Starter traits with enough pitch mix to stay in a rotation; workload growth is the main development goal. Best used as developmental starter with strike-throwing base.
den,Denver Altitude,ROOKIE,Front Range Launchers,Micah,Kessler,19,C,25,20,50,25,30,30,20,40,30,,,,,,76,55,82,96,fundamentals,on_track,Young catcher / staff-handling project,Catcher with staff-handling traits and a realistic defensive path; fundamentals can turn the tools into a role. Best used as young catcher / staff-handling project.
den,Denver Altitude,INTERNATIONAL,La Romana Altitude Academy,Niko,Rosales,18,SS,25,20,55,25,25,25,30,45,25,,,,,,87,62,87,72,defense,on_track,Academy middle-infield glove project,Up-the-middle athlete with defensive value and pressure-speed traits; defense gives the profile a safer floor. Best used as academy middle-infield glove project.
aus,Austin Bat Colony,A,Hill Country Roost,Ozzie,Zoric,20,CF,40,35,70,40,40,35,50,55,40,,,,,,62,74,50,87,tools,ahead_of_curve,Top ranked prospect / potential impact regular,"Up-the-middle athlete with defensive value and pressure-speed traits; tools are ahead of current baseball skill. Fits the org identity around night-game athletes, obp, speed, bat speed, and quirky defensive versatility."
aus,Austin Bat Colony,AA,Waco Echolocators,Pierce,Gomes,23,SS,45,40,65,45,45,40,55,60,45,,,,,,76,86,62,65,tools,on_track,Impact follow prospect / everyday or rotation path,"Up-the-middle athlete with defensive value and pressure-speed traits; tools are ahead of current baseball skill. Fits the org identity around night-game athletes, obp, speed, bat speed, and quirky defensive versatility."
aus,Austin Bat Colony,A_PLUS,San Marcos Cave Flyers,Rowan,Nystrom,21,SP,40,35,65,20,20,20,20,30,40,45,45,50,45,45,90,56,74,80,refinement,on_track,Scarcity-position prospect / above-average role path,"Starter traits with enough pitch mix to stay in a rotation; refinement should decide the role. Fits the org identity around night-game athletes, obp, speed, bat speed, and quirky defensive versatility."
aus,Austin Bat Colony,AA,Waco Echolocators,Sterling,Wynn,22,3B,40,35,60,40,60,35,35,40,40,,,,,,65,68,86,95,power,on_track,Athletic regular upside,Bat-first profile with enough impact to matter if the approach holds; game power is the development focus. Best used as athletic regular upside.
aus,Austin Bat Colony,AAA,Round Rock Nightwings,Tristan,Espina,25,CL,50,45,60,20,20,20,25,30,55,60,50,40,60,60,79,80,49,73,breaking,on_track,Near-ready relief or swingman option,Late-inning arm with leverage temperament and swing-and-miss shape; breaking-ball quality is the carrying skill. Best used as near-ready relief or swingman option.
aus,Austin Bat Colony,A_PLUS,San Marcos Cave Flyers,Victor,Lofton,21,1B,35,25,60,35,55,30,30,35,35,,,,,,93,92,61,88,power,on_track,Power or corner-depth prospect,Bat-first profile with enough impact to matter if the approach holds; game power is the development focus. Best used as power or corner-depth prospect.
aus,Austin Bat Colony,A,Hill Country Roost,Wyatt,Seldon,20,2B,35,25,55,35,30,35,40,55,35,,,,,,68,62,73,66,defense,on_track,Defense/speed development prospect,Up-the-middle athlete with defensive value and pressure-speed traits; defense gives the profile a safer floor. Best used as defense/speed development prospect.
aus,Austin Bat Colony,A,Hill Country Roost,Xander,Ames,20,RP,30,20,60,20,20,20,25,30,30,35,25,20,50,30,82,74,85,81,velocity,on_track,Raw arm with starter traits,Relief profile with one carrying pitch and room for command growth; velocity development drives the upside. Best used as raw arm with starter traits.
aus,Austin Bat Colony,ROOKIE,Congress Bridge Pups,Yosef,Huxley,19,LF,30,20,60,30,40,35,25,35,30,,,,,,96,86,48,96,fundamentals,bust_risk,Young bat with one loud carrying tool,Bat-first profile with enough impact to matter if the approach holds; fundamentals can turn the tools into a role. Best used as young bat with one loud carrying tool.
aus,Austin Bat Colony,INTERNATIONAL,Merida Bat Academy,Zev,Ocampo,18,SS,30,20,60,30,25,30,35,50,30,,,,,,71,56,60,74,defense,bust_risk,International/rookie upside lottery ticket,Up-the-middle athlete with defensive value and pressure-speed traits; defense gives the profile a safer floor. Best used as international/rookie upside lottery ticket.
aus,Austin Bat Colony,AAA,Round Rock Nightwings,Ari,Yanez,27,C,45,40,50,45,45,50,35,60,50,,,,,,91,55,44,67,fundamentals,on_track,Optionable catcher with receiving value,Catcher with staff-handling traits and a realistic defensive path; fundamentals can turn the tools into a role. Best used as optionable catcher with receiving value.
aus,Austin Bat Colony,AAA,Round Rock Nightwings,Bento,Fujiwara,26,2B,45,40,50,45,40,45,50,65,45,,,,,,63,62,49,80,defense,on_track,Utility infielder / contact bench bat,Up-the-middle athlete with defensive value and pressure-speed traits; defense gives the profile a safer floor. Best used as utility infielder / contact bench bat.
aus,Austin Bat Colony,AAA,Round Rock Nightwings,Caleb,Matsu,27,CF,45,40,50,45,40,45,50,65,45,,,,,,74,69,54,93,defense,on_track,Left-handed bench outfield depth,Up-the-middle athlete with defensive value and pressure-speed traits; defense gives the profile a safer floor. Best used as left-handed bench outfield depth.
aus,Austin Bat Colony,AAA,Round Rock Nightwings,Dario,Varela,28,SP,45,40,50,20,20,20,20,30,50,50,45,65,50,45,85,76,59,69,stamina,on_track,Sixth-starter depth,Starter traits with enough pitch mix to stay in a rotation; workload growth is the main development goal. Best used as sixth-starter depth.
aus,Austin Bat Colony,AA,Waco Echolocators,Elias,Delrio,24,RP,40,35,55,20,20,20,25,30,45,45,35,30,60,40,96,83,64,82,velocity,on_track,Middle-relief shuttle candidate,Relief profile with one carrying pitch and room for command growth; velocity development drives the upside. Best used as middle-relief shuttle candidate.
aus,Austin Bat Colony,AA,Waco Echolocators,Fynn,Kessler,24,RF,40,35,55,40,50,45,35,45,40,,,,,,68,90,69,95,fundamentals,on_track,Fourth-outfielder depth,Bat-first profile with enough impact to matter if the approach holds; fundamentals can turn the tools into a role. Best used as fourth-outfielder depth.
aus,Austin Bat Colony,A_PLUS,San Marcos Cave Flyers,Gideon,Rosales,22,SS,35,25,55,35,30,35,40,55,35,,,,,,79,55,74,71,defense,on_track,Defense-first infield depth,Up-the-middle athlete with defensive value and pressure-speed traits; defense gives the profile a safer floor. Best used as defense-first infield depth.
aus,Austin Bat Colony,A,Hill Country Roost,Harlan,Zoric,21,SP,30,20,55,20,20,20,20,30,30,35,30,50,35,30,90,62,79,84,stamina,on_track,Developmental starter with strike-throwing base,Starter traits with enough pitch mix to stay in a rotation; workload growth is the main development goal. Best used as developmental starter with strike-throwing base.
aus,Austin Bat Colony,ROOKIE,Congress Bridge Pups,Isaak,Gomes,19,C,25,20,50,25,25,30,20,40,30,,,,,,62,69,84,60,fundamentals,on_track,Young catcher / staff-handling project,Catcher with staff-handling traits and a realistic defensive path; fundamentals can turn the tools into a role. Best used as young catcher / staff-handling project.
aus,Austin Bat Colony,INTERNATIONAL,Merida Bat Academy,Jalen,Nystrom,18,RP,25,20,55,20,20,20,25,30,25,30,20,20,45,25,73,76,89,73,velocity,on_track,Academy arm strength project,Relief profile with one carrying pitch and room for command growth; velocity development drives the upside. Best used as academy arm strength project.
lax,Los Angeles Sunset Strip,AA,Pasadena Headliners,Keon,Wynn,22,LF,45,40,75,45,65,40,40,45,45,,,,,,87,88,52,88,power,ahead_of_curve,Top ranked prospect / potential impact regular,"Bat-first profile with enough impact to matter if the approach holds; game power is the development focus. Fits the org identity around star-power bats, bullpen depth, and high-visibility prospects with media polish."
lax,Los Angeles Sunset Strip,AA,Pasadena Headliners,Luca,Espina,23,CF,45,40,65,45,45,40,55,60,45,,,,,,62,58,64,66,tools,on_track,Impact follow prospect / everyday or rotation path,"Up-the-middle athlete with defensive value and pressure-speed traits; tools are ahead of current baseball skill. Fits the org identity around star-power bats, bullpen depth, and high-visibility prospects with media polish."
lax,Los Angeles Sunset Strip,A_PLUS,Inland Empire Limelights,Mateo,Lofton,21,SS,40,35,60,40,40,35,50,55,40,,,,,,76,70,76,81,tools,on_track,Scarcity-position prospect / above-average role path,"Up-the-middle athlete with defensive value and pressure-speed traits; tools are ahead of current baseball skill. Fits the org identity around star-power bats, bullpen depth, and high-visibility prospects with media polish."
lax,Los Angeles Sunset Strip,AA,Pasadena Headliners,Nolan,Seldon,22,SP,40,35,60,20,20,20,20,30,45,45,40,60,45,45,90,82,88,96,stamina,on_track,Athletic regular upside,Starter traits with enough pitch mix to stay in a rotation; workload growth is the main development goal. Best used as athletic regular upside.
lax,Los Angeles Sunset Strip,AAA,Long Beach Neon Palms,Omar,Ames,25,SP,45,40,60,20,20,20,20,30,50,50,45,65,50,50,65,94,51,74,stamina,on_track,Near-ready relief or swingman option,Starter traits with enough pitch mix to stay in a rotation; workload growth is the main development goal. Best used as near-ready relief or swingman option.
lax,Los Angeles Sunset Strip,A_PLUS,Inland Empire Limelights,Pascal,Huxley,21,LF,35,25,60,35,55,30,30,35,35,,,,,,79,64,63,89,power,on_track,Power or corner-depth prospect,Bat-first profile with enough impact to matter if the approach holds; game power is the development focus. Best used as power or corner-depth prospect.
lax,Los Angeles Sunset Strip,A,Ventura Backlots,Quinn,Ocampo,20,CF,35,25,55,35,30,35,40,55,35,,,,,,93,76,75,67,defense,on_track,Defense/speed development prospect,Up-the-middle athlete with defensive value and pressure-speed traits; defense gives the profile a safer floor. Best used as defense/speed development prospect.
lax,Los Angeles Sunset Strip,A,Ventura Backlots,Rafael,Winslow,20,SP,30,20,60,20,20,20,20,30,30,35,30,50,35,35,68,88,87,82,stamina,on_track,Raw arm with starter traits,Starter traits with enough pitch mix to stay in a rotation; workload growth is the main development goal. Best used as raw arm with starter traits.
lax,Los Angeles Sunset Strip,ROOKIE,Hollywood Stagehands,Silas,Escobar,19,1B,30,20,60,30,40,35,25,35,30,,,,,,82,58,50,60,fundamentals,bust_risk,Young bat with one loud carrying tool,Bat-first profile with enough impact to matter if the approach holds; fundamentals can turn the tools into a role. Best used as young bat with one loud carrying tool.
lax,Los Angeles Sunset Strip,INTERNATIONAL,Tijuana Sunset Academy,Theo,Lazaro,18,CF,30,20,60,30,25,30,35,50,30,,,,,,96,70,62,75,defense,bust_risk,International/rookie upside lottery ticket,Up-the-middle athlete with defensive value and pressure-speed traits; defense gives the profile a safer floor. Best used as international/rookie upside lottery ticket.
lax,Los Angeles Sunset Strip,AAA,Long Beach Neon Palms,Ulises,Toma,27,C,45,40,50,45,45,50,35,60,50,,,,,,77,69,46,68,fundamentals,on_track,Optionable catcher with receiving value,Catcher with staff-handling traits and a realistic defensive path; fundamentals can turn the tools into a role. Best used as optionable catcher with receiving value.
lax,Los Angeles Sunset Strip,AAA,Long Beach Neon Palms,Vidal,Carden,26,2B,45,40,50,45,40,45,50,65,45,,,,,,88,76,51,81,defense,on_track,Utility infielder / contact bench bat,Up-the-middle athlete with defensive value and pressure-speed traits; defense gives the profile a safer floor. Best used as utility infielder / contact bench bat.
lax,Los Angeles Sunset Strip,AAA,Long Beach Neon Palms,Wes,Jun,27,LF,45,40,50,45,55,50,40,50,45,,,,,,60,83,56,94,fundamentals,on_track,Left-handed bench outfield depth,Bat-first profile with enough impact to matter if the approach holds; fundamentals can turn the tools into a role. Best used as left-handed bench outfield depth.
lax,Los Angeles Sunset Strip,AAA,Long Beach Neon Palms,Xavi,Quill,28,SP,45,40,50,20,20,20,20,30,50,50,45,65,50,50,71,90,61,70,stamina,on_track,Sixth-starter depth,Starter traits with enough pitch mix to stay in a rotation; workload growth is the main development goal. Best used as sixth-starter depth.
lax,Los Angeles Sunset Strip,AA,Pasadena Headliners,Yael,Ybarra,24,RP,40,35,55,20,20,20,25,30,45,45,35,30,60,45,82,55,66,83,velocity,on_track,Middle-relief shuttle candidate,Relief profile with one carrying pitch and room for command growth; velocity development drives the upside. Best used as middle-relief shuttle candidate.
lax,Los Angeles Sunset Strip,AA,Pasadena Headliners,Zane,Farraday,24,RF,40,35,55,40,50,45,35,45,40,,,,,,93,62,71,96,fundamentals,on_track,Fourth-outfielder depth,Bat-first profile with enough impact to matter if the approach holds; fundamentals can turn the tools into a role. Best used as fourth-outfielder depth.
lax,Los Angeles Sunset Strip,A_PLUS,Inland Empire Limelights,Emilio,Mercado,22,SS,35,25,55,35,30,35,40,55,35,,,,,,65,69,76,72,defense,on_track,Defense-first infield depth,Up-the-middle athlete with defensive value and pressure-speed traits; defense gives the profile a safer floor. Best used as defense-first infield depth.
lax,Los Angeles Sunset Strip,A,Ventura Backlots,Tomas,Valen,21,SP,30,20,55,20,20,20,20,30,30,35,30,50,35,35,76,76,81,85,stamina,on_track,Developmental starter with strike-throwing base,Starter traits with enough pitch mix to stay in a rotation; workload growth is the main development goal. Best used as developmental starter with strike-throwing base.
lax,Los Angeles Sunset Strip,ROOKIE,Hollywood Stagehands,Jonas,Dovek,19,C,25,20,50,25,25,30,20,40,30,,,,,,87,83,86,61,fundamentals,on_track,Young catcher / staff-handling project,Catcher with staff-handling traits and a realistic defensive path; fundamentals can turn the tools into a role. Best used as young catcher / staff-handling project.
lax,Los Angeles Sunset Strip,INTERNATIONAL,Tijuana Sunset Academy,Milo,Kepler,18,SS,25,20,55,25,20,25,30,45,25,,,,,,59,90,42,74,defense,on_track,Academy middle-infield glove project,Up-the-middle athlete with defensive value and pressure-speed traits; defense gives the profile a safer floor. Best used as academy middle-infield glove project.
sfb,San Francisco Sourdoughs,AA,Oakland Crusts,Nico,Rivas,23,SP,50,45,75,20,20,20,20,30,55,60,50,60,55,65,73,60,54,89,breaking,ahead_of_curve,Top ranked pitching prospect / rotation or leverage upside,"Starter traits with enough pitch mix to stay in a rotation; breaking-ball quality is the carrying skill. Fits the org identity around run prevention, defense, command, and gap bats shaped for a pitcher-friendly park."
sfb,San Francisco Sourdoughs,AA,Oakland Crusts,Soren,Zavala,23,C,45,40,65,45,45,45,35,70,50,,,,,,87,72,66,67,defense,on_track,Impact follow prospect / everyday or rotation path,"Catcher with staff-handling traits and a realistic defensive path; defense gives the profile a safer floor. Fits the org identity around run prevention, defense, command, and gap bats shaped for a pitcher-friendly park."
sfb,San Francisco Sourdoughs,A_PLUS,San Jose Proofers,Tariq,Garnet,21,CF,40,35,60,40,40,35,50,60,40,,,,,,62,84,78,82,tools,on_track,Scarcity-position prospect / above-average role path,"Up-the-middle athlete with defensive value and pressure-speed traits; tools are ahead of current baseball skill. Fits the org identity around run prevention, defense, command, and gap bats shaped for a pitcher-friendly park."
sfb,San Francisco Sourdoughs,AA,Oakland Crusts,Andre,Norcross,22,RF,40,35,60,40,60,35,35,45,40,,,,,,76,96,90,60,power,on_track,Athletic regular upside,Bat-first profile with enough impact to matter if the approach holds; game power is the development focus. Best used as athletic regular upside.
sfb,San Francisco Sourdoughs,AAA,Sacramento Starters,Cyrus,Voss,25,RP,50,45,60,20,20,20,25,30,55,55,45,40,70,55,90,66,53,75,velocity,on_track,Near-ready relief or swingman option,Relief profile with one carrying pitch and room for command growth; velocity development drives the upside. Best used as near-ready relief or swingman option.
sfb,San Francisco Sourdoughs,A_PLUS,San Jose Proofers,Damon,Duarte,21,RF,35,25,60,35,55,30,30,40,35,,,,,,65,78,65,90,power,on_track,Power or corner-depth prospect,Bat-first profile with enough impact to matter if the approach holds; game power is the development focus. Best used as power or corner-depth prospect.
sfb,San Francisco Sourdoughs,A,Santa Rosa Levains,Felix,Kovar,20,C,35,25,55,35,35,40,25,55,40,,,,,,79,90,77,68,fundamentals,on_track,Defense/speed development prospect,Catcher with staff-handling traits and a realistic defensive path; fundamentals can turn the tools into a role. Best used as defense/speed development prospect.
sfb,San Francisco Sourdoughs,A,Santa Rosa Levains,Gavin,Severin,20,CL,30,20,60,20,20,20,25,30,30,40,30,20,40,45,93,60,89,83,breaking,on_track,Raw arm with starter traits,Late-inning arm with leverage temperament and swing-and-miss shape; breaking-ball quality is the carrying skill. Best used as raw arm with starter traits.
sfb,San Francisco Sourdoughs,ROOKIE,Mission Yeasts,Hugo,Bellweather,19,CF,30,20,60,30,25,30,35,55,30,,,,,,68,72,52,61,defense,bust_risk,Young bat with one loud carrying tool,Up-the-middle athlete with defensive value and pressure-speed traits; defense gives the profile a safer floor. Best used as young bat with one loud carrying tool.
sfb,San Francisco Sourdoughs,INTERNATIONAL,Tijuana Sourdough Academy,Ilya,Ives,18,SP,30,20,60,20,20,20,20,30,30,35,30,50,35,35,82,84,64,76,stamina,bust_risk,International/rookie upside lottery ticket,Starter traits with enough pitch mix to stay in a rotation; workload growth is the main development goal. Best used as international/rookie upside lottery ticket.
sfb,San Francisco Sourdoughs,AAA,Sacramento Starters,Joaquin,Paredes,27,C,45,40,50,45,45,50,35,65,50,,,,,,63,83,48,69,fundamentals,on_track,Optionable catcher with receiving value,Catcher with staff-handling traits and a realistic defensive path; fundamentals can turn the tools into a role. Best used as optionable catcher with receiving value.
sfb,San Francisco Sourdoughs,AAA,Sacramento Starters,Kaito,Wexler,26,2B,45,40,50,45,40,45,50,70,45,,,,,,74,90,53,82,defense,on_track,Utility infielder / contact bench bat,Up-the-middle athlete with defensive value and pressure-speed traits; defense gives the profile a safer floor. Best used as utility infielder / contact bench bat.
sfb,San Francisco Sourdoughs,AAA,Sacramento Starters,Leon,Evers,27,LF,45,40,50,45,55,50,40,55,45,,,,,,85,55,58,95,fundamentals,on_track,Left-handed bench outfield depth,Bat-first profile with enough impact to matter if the approach holds; fundamentals can turn the tools into a role. Best used as left-handed bench outfield depth.
sfb,San Francisco Sourdoughs,AAA,Sacramento Starters,Malik,Linton,28,SP,45,40,50,20,20,20,20,30,50,50,45,65,50,50,96,62,63,71,stamina,on_track,Sixth-starter depth,Starter traits with enough pitch mix to stay in a rotation; workload growth is the main development goal. Best used as sixth-starter depth.
sfb,San Francisco Sourdoughs,AA,Oakland Crusts,Noel,Tejada,24,CL,40,35,55,20,20,20,25,30,45,50,40,30,50,55,68,69,68,84,breaking,on_track,Middle-relief shuttle candidate,Late-inning arm with leverage temperament and swing-and-miss shape; breaking-ball quality is the carrying skill. Best used as middle-relief shuttle candidate.
sfb,San Francisco Sourdoughs,AA,Oakland Crusts,Orion,Carrow,24,RF,40,35,55,40,50,45,35,50,40,,,,,,79,76,73,60,fundamentals,on_track,Fourth-outfielder depth,Bat-first profile with enough impact to matter if the approach holds; fundamentals can turn the tools into a role. Best used as fourth-outfielder depth.
sfb,San Francisco Sourdoughs,A_PLUS,San Jose Proofers,Pavel,Jurado,22,SS,35,25,55,35,30,35,40,60,35,,,,,,90,83,78,73,defense,on_track,Defense-first infield depth,Up-the-middle athlete with defensive value and pressure-speed traits; defense gives the profile a safer floor. Best used as defense-first infield depth.
sfb,San Francisco Sourdoughs,A,Santa Rosa Levains,Rey,Quade,21,SP,30,20,55,20,20,20,20,30,30,35,30,50,35,35,62,90,83,86,stamina,on_track,Developmental starter with strike-throwing base,Starter traits with enough pitch mix to stay in a rotation; workload growth is the main development goal. Best used as developmental starter with strike-throwing base.
sfb,San Francisco Sourdoughs,ROOKIE,Mission Yeasts,Santos,Yates,19,C,25,20,50,25,25,30,20,45,30,,,,,,73,55,88,62,fundamentals,on_track,Young catcher / staff-handling project,Catcher with staff-handling traits and a realistic defensive path; fundamentals can turn the tools into a role. Best used as young catcher / staff-handling project.
sfb,San Francisco Sourdoughs,INTERNATIONAL,Tijuana Sourdough Academy,Talen,Falk,18,RP,25,20,55,20,20,20,25,30,25,30,20,20,45,30,84,62,44,75,velocity,on_track,Academy arm strength project,Relief profile with one carrying pitch and room for command growth; velocity development drives the upside. Best used as academy arm strength project.
phx,Phoenix Copperbirds,A_PLUS,Yuma Dustspinners,Uri,Marin,21,1B,40,35,70,40,65,35,35,40,40,,,,,,59,74,56,90,power,ahead_of_curve,Top ranked prospect / potential impact regular,"Bat-first profile with enough impact to matter if the approach holds; game power is the development focus. Fits the org identity around desert power, durable starters, high-variance arms, and stamina-focused development."
phx,Phoenix Copperbirds,AA,Mesa Mirages,Vaughn,Uribe,23,3B,45,40,65,45,70,40,40,45,45,,,,,,73,86,68,68,power,on_track,Impact follow prospect / everyday or rotation path,"Bat-first profile with enough impact to matter if the approach holds; game power is the development focus. Fits the org identity around desert power, durable starters, high-variance arms, and stamina-focused development."
phx,Phoenix Copperbirds,A_PLUS,Yuma Dustspinners,Wade,Canelo,21,2B,40,35,60,40,45,35,50,55,40,,,,,,87,56,80,83,tools,on_track,Scarcity-position prospect / above-average role path,"Up-the-middle athlete with defensive value and pressure-speed traits; tools are ahead of current baseball skill. Fits the org identity around desert power, durable starters, high-variance arms, and stamina-focused development."
phx,Phoenix Copperbirds,AA,Mesa Mirages,Yuri,Jenkins,22,SS,40,35,60,40,45,35,50,55,40,,,,,,62,68,43,61,tools,on_track,Athletic regular upside,Up-the-middle athlete with defensive value and pressure-speed traits; tools are ahead of current baseball skill. Best used as athletic regular upside.
phx,Phoenix Copperbirds,AAA,Tucson Sandglass,Zion,Rendon,25,RP,50,45,60,20,20,20,25,30,55,55,45,40,70,50,76,80,55,76,velocity,on_track,Near-ready relief or swingman option,Relief profile with one carrying pitch and room for command growth; velocity development drives the upside. Best used as near-ready relief or swingman option.
phx,Phoenix Copperbirds,A_PLUS,Yuma Dustspinners,Alonzo,Abarca,21,DH,35,25,60,35,60,30,30,35,35,,,,,,90,92,67,91,power,on_track,Power or corner-depth prospect,Bat-first profile with enough impact to matter if the approach holds; game power is the development focus. Best used as power or corner-depth prospect.
phx,Phoenix Copperbirds,A,Flagstaff Redrocks,Bruno,Harrow,20,LF,35,25,55,35,50,40,30,40,35,,,,,,65,62,79,69,fundamentals,on_track,Defense/speed development prospect,Bat-first profile with enough impact to matter if the approach holds; fundamentals can turn the tools into a role. Best used as defense/speed development prospect.
phx,Phoenix Copperbirds,A,Flagstaff Redrocks,Cassian,Okafor,20,SP,30,20,60,20,20,20,20,30,30,35,30,50,35,30,79,74,42,84,stamina,on_track,Raw arm with starter traits,Starter traits with enough pitch mix to stay in a rotation; workload growth is the main development goal. Best used as raw arm with starter traits.
phx,Phoenix Copperbirds,ROOKIE,Tempe Heat Haze,Diego,Velas,19,C,30,20,60,30,35,35,20,45,35,,,,,,93,86,54,62,fundamentals,bust_risk,Young bat with one loud carrying tool,Catcher with staff-handling traits and a realistic defensive path; fundamentals can turn the tools into a role. Best used as young bat with one loud carrying tool.
phx,Phoenix Copperbirds,INTERNATIONAL,Hermosillo Dust Academy,Enzo,Daschle,18,C,30,20,60,30,35,35,20,45,35,,,,,,68,56,66,77,fundamentals,bust_risk,International/rookie upside lottery ticket,Catcher with staff-handling traits and a realistic defensive path; fundamentals can turn the tools into a role. Best used as international/rookie upside lottery ticket.
phx,Phoenix Copperbirds,AAA,Tucson Sandglass,Franco,Kimura,27,C,45,40,50,45,50,50,35,60,50,,,,,,88,55,50,70,fundamentals,on_track,Optionable catcher with receiving value,Catcher with staff-handling traits and a realistic defensive path; fundamentals can turn the tools into a role. Best used as optionable catcher with receiving value.
phx,Phoenix Copperbirds,AAA,Tucson Sandglass,Griffin,Solberg,26,3B,45,40,50,45,60,50,40,50,45,,,,,,60,62,55,83,fundamentals,on_track,Utility infielder / contact bench bat,Bat-first profile with enough impact to matter if the approach holds; fundamentals can turn the tools into a role. Best used as utility infielder / contact bench bat.
phx,Phoenix Copperbirds,AAA,Tucson Sandglass,Hayes,Bexley,27,LF,45,40,50,45,60,50,40,50,45,,,,,,71,69,60,96,fundamentals,on_track,Left-handed bench outfield depth,Bat-first profile with enough impact to matter if the approach holds; fundamentals can turn the tools into a role. Best used as left-handed bench outfield depth.
phx,Phoenix Copperbirds,AAA,Tucson Sandglass,Ivan,Ibarra,28,SP,45,40,50,20,20,20,20,30,50,50,45,65,50,45,82,76,65,72,stamina,on_track,Sixth-starter depth,Starter traits with enough pitch mix to stay in a rotation; workload growth is the main development goal. Best used as sixth-starter depth.
phx,Phoenix Copperbirds,AA,Mesa Mirages,Jasper,Prado,24,RP,40,35,55,20,20,20,25,30,45,45,35,30,60,40,93,83,70,85,velocity,on_track,Middle-relief shuttle candidate,Relief profile with one carrying pitch and room for command growth; velocity development drives the upside. Best used as middle-relief shuttle candidate.
phx,Phoenix Copperbirds,AA,Mesa Mirages,Kai,Walden,24,RF,40,35,55,40,55,45,35,45,40,,,,,,65,90,75,61,fundamentals,on_track,Fourth-outfielder depth,Bat-first profile with enough impact to matter if the approach holds; fundamentals can turn the tools into a role. Best used as fourth-outfielder depth.
phx,Phoenix Copperbirds,A_PLUS,Yuma Dustspinners,Leland,Eldridge,22,SS,35,25,55,35,35,35,40,55,35,,,,,,76,55,80,74,defense,on_track,Defense-first infield depth,Up-the-middle athlete with defensive value and pressure-speed traits; defense gives the profile a safer floor. Best used as defense-first infield depth.
phx,Phoenix Copperbirds,A,Flagstaff Redrocks,Marco,Lagos,21,SP,30,20,55,20,20,20,20,30,30,35,30,50,35,30,87,62,85,87,stamina,on_track,Developmental starter with strike-throwing base,Starter traits with enough pitch mix to stay in a rotation; workload growth is the main development goal. Best used as developmental starter with strike-throwing base.
phx,Phoenix Copperbirds,ROOKIE,Tempe Heat Haze,Nestor,Tavares,19,C,25,20,50,25,30,30,20,40,30,,,,,,59,69,90,63,fundamentals,on_track,Young catcher / staff-handling project,Catcher with staff-handling traits and a realistic defensive path; fundamentals can turn the tools into a role. Best used as young catcher / staff-handling project.
phx,Phoenix Copperbirds,INTERNATIONAL,Hermosillo Dust Academy,Otis,Bravik,18,SS,25,20,55,25,25,25,30,45,25,,,,,,70,76,46,76,defense,on_track,Academy middle-infield glove project,Up-the-middle athlete with defensive value and pressure-speed traits; defense gives the profile a safer floor. Best used as academy middle-infield glove project.
sea,Seattle Drizzle,AA,Spokane Mistmakers,Paolo,Inoa,22,SP,50,45,70,20,20,20,20,30,55,60,50,60,55,65,84,88,58,91,breaking,ahead_of_curve,Top ranked pitching prospect / rotation or leverage upside,"Starter traits with enough pitch mix to stay in a rotation; breaking-ball quality is the carrying skill. Fits the org identity around pitching, defense, patience, and low-run-environment roster balance."
sea,Seattle Drizzle,AA,Spokane Mistmakers,Ramon,Paloma,23,SP,45,40,65,20,20,20,20,30,50,50,55,55,45,50,59,58,70,69,control,on_track,Impact follow prospect / everyday or rotation path,"Starter traits with enough pitch mix to stay in a rotation; command is the separator. Fits the org identity around pitching, defense, patience, and low-run-environment roster balance."
sea,Seattle Drizzle,A_PLUS,Everett Cloudbreakers,Samir,Zuniga,21,RP,40,35,60,20,20,20,25,30,40,45,50,30,45,45,73,70,82,84,control,on_track,Scarcity-position prospect / above-average role path,"Relief profile with one carrying pitch and room for command growth; command is the separator. Fits the org identity around pitching, defense, patience, and low-run-environment roster balance."
sea,Seattle Drizzle,AA,Spokane Mistmakers,Tucker,Gallardo,22,LF,40,35,60,40,60,35,35,45,40,,,,,,87,82,45,62,power,on_track,Athletic regular upside,Bat-first profile with enough impact to matter if the approach holds; game power is the development focus. Best used as athletic regular upside.
sea,Seattle Drizzle,AAA,Tacoma Umbrellas,Vito,Nadeau,25,CL,50,45,60,20,20,20,25,30,55,60,50,40,60,65,62,94,57,77,breaking,on_track,Near-ready relief or swingman option,Late-inning arm with leverage temperament and swing-and-miss shape; breaking-ball quality is the carrying skill. Best used as near-ready relief or swingman option.
sea,Seattle Drizzle,A_PLUS,Everett Cloudbreakers,Weston,Upton,21,C,35,25,60,35,35,40,25,55,40,,,,,,76,64,69,92,fundamentals,on_track,Power or corner-depth prospect,Catcher with staff-handling traits and a realistic defensive path; fundamentals can turn the tools into a role. Best used as power or corner-depth prospect.
sea,Seattle Drizzle,A,Olympia Rainchecks,Yahir,Cruzado,20,3B,35,25,55,35,45,40,30,45,35,,,,,,90,76,81,70,fundamentals,on_track,Defense/speed development prospect,Bat-first profile with enough impact to matter if the approach holds; fundamentals can turn the tools into a role. Best used as defense/speed development prospect.
sea,Seattle Drizzle,A,Olympia Rainchecks,Zeke,Jasso,20,RP,30,20,60,20,20,20,25,30,30,35,25,20,50,35,65,88,44,85,velocity,on_track,Raw arm with starter traits,Relief profile with one carrying pitch and room for command growth; velocity development drives the upside. Best used as raw arm with starter traits.
sea,Seattle Drizzle,ROOKIE,Puget Sound Puddles,Alden,Rinaldi,19,DH,30,20,60,30,40,35,25,40,30,,,,,,79,58,56,63,fundamentals,bust_risk,Young bat with one loud carrying tool,Bat-first profile with enough impact to matter if the approach holds; fundamentals can turn the tools into a role. Best used as young bat with one loud carrying tool.
sea,Seattle Drizzle,INTERNATIONAL,Vancouver Drizzle Academy,Brody,Arden,18,RF,30,20,60,30,40,35,25,40,30,,,,,,93,70,68,78,fundamentals,bust_risk,International/rookie upside lottery ticket,Bat-first profile with enough impact to matter if the approach holds; fundamentals can turn the tools into a role. Best used as international/rookie upside lottery ticket.
sea,Seattle Drizzle,AAA,Tacoma Umbrellas,Cade,Hollis,27,C,45,40,50,45,45,50,35,65,50,,,,,,74,69,52,71,fundamentals,on_track,Optionable catcher with receiving value,Catcher with staff-handling traits and a realistic defensive path; fundamentals can turn the tools into a role. Best used as optionable catcher with receiving value.
sea,Seattle Drizzle,AAA,Tacoma Umbrellas,Dante,Osuna,26,2B,45,40,50,45,40,45,50,70,45,,,,,,85,76,57,84,defense,on_track,Utility infielder / contact bench bat,Up-the-middle athlete with defensive value and pressure-speed traits; defense gives the profile a safer floor. Best used as utility infielder / contact bench bat.
sea,Seattle Drizzle,AAA,Tacoma Umbrellas,Ezra,Virelli,27,LF,45,40,50,45,55,50,40,55,45,,,,,,96,83,62,60,fundamentals,on_track,Left-handed bench outfield depth,Bat-first profile with enough impact to matter if the approach holds; fundamentals can turn the tools into a role. Best used as left-handed bench outfield depth.
sea,Seattle Drizzle,AAA,Tacoma Umbrellas,Finnian,Decker,28,SP,45,40,50,20,20,20,20,30,50,50,45,65,50,50,68,90,67,73,stamina,on_track,Sixth-starter depth,Starter traits with enough pitch mix to stay in a rotation; workload growth is the main development goal. Best used as sixth-starter depth.
sea,Seattle Drizzle,AA,Spokane Mistmakers,Gianni,Korman,24,RP,40,35,55,20,20,20,25,30,45,45,35,30,60,45,79,55,72,86,velocity,on_track,Middle-relief shuttle candidate,Relief profile with one carrying pitch and room for command growth; velocity development drives the upside. Best used as middle-relief shuttle candidate.
sea,Seattle Drizzle,AA,Spokane Mistmakers,Holden,Stellan,24,RF,40,35,55,40,50,45,35,50,40,,,,,,90,62,77,62,fundamentals,on_track,Fourth-outfielder depth,Bat-first profile with enough impact to matter if the approach holds; fundamentals can turn the tools into a role. Best used as fourth-outfielder depth.
sea,Seattle Drizzle,A_PLUS,Everett Cloudbreakers,Ismael,Amador,22,SS,35,25,55,35,30,35,40,60,35,,,,,,62,69,82,75,defense,on_track,Defense-first infield depth,Up-the-middle athlete with defensive value and pressure-speed traits; defense gives the profile a safer floor. Best used as defense-first infield depth.
sea,Seattle Drizzle,A,Olympia Rainchecks,Jude,Hoshino,21,SP,30,20,55,20,20,20,20,30,30,35,30,50,35,35,73,76,87,88,stamina,on_track,Developmental starter with strike-throwing base,Starter traits with enough pitch mix to stay in a rotation; workload growth is the main development goal. Best used as developmental starter with strike-throwing base.
sea,Seattle Drizzle,ROOKIE,Puget Sound Puddles,Kieran,Otero,19,C,25,20,50,25,25,30,20,45,30,,,,,,84,83,43,64,fundamentals,on_track,Young catcher / staff-handling project,Catcher with staff-handling traits and a realistic defensive path; fundamentals can turn the tools into a role. Best used as young catcher / staff-handling project.
sea,Seattle Drizzle,INTERNATIONAL,Vancouver Drizzle Academy,Leandro,Yoshida,18,RP,25,20,55,20,20,20,25,30,25,30,20,20,45,30,95,90,48,77,velocity,on_track,Academy arm strength project,Relief profile with one carrying pitch and room for command growth; velocity development drives the upside. Best used as academy arm strength project.
sdg,San Diego Surf Hounds,AA,Oceanside Boardwalkers,Micah,Fenn,22,SS,45,40,65,45,45,40,55,65,45,,,,,,70,60,60,92,tools,on_track,Top ranked prospect / potential impact regular,"Up-the-middle athlete with defensive value and pressure-speed traits; tools are ahead of current baseball skill. Fits the org identity around speed, defense, contact, and athletic pitchers who can suppress extra-base damage."
sdg,San Diego Surf Hounds,AA,Oceanside Boardwalkers,Niko,Montano,23,RF,45,40,70,45,65,40,40,50,45,,,,,,84,72,72,70,power,ahead_of_curve,Impact follow prospect / everyday or rotation path,"Bat-first profile with enough impact to matter if the approach holds; game power is the development focus. Fits the org identity around speed, defense, contact, and athletic pitchers who can suppress extra-base damage."
sdg,San Diego Surf Hounds,A_PLUS,Escondido Tidecallers,Ozzie,Talbot,21,1B,40,35,65,40,60,35,35,45,40,,,,,,59,84,84,85,power,on_track,Scarcity-position prospect / above-average role path,"Bat-first profile with enough impact to matter if the approach holds; game power is the development focus. Fits the org identity around speed, defense, contact, and athletic pitchers who can suppress extra-base damage."
sdg,San Diego Surf Hounds,AA,Oceanside Boardwalkers,Pierce,Barrow,22,C,40,35,60,40,40,40,30,65,45,,,,,,73,96,47,63,defense,on_track,Athletic regular upside,Catcher with staff-handling traits and a realistic defensive path; defense gives the profile a safer floor. Best used as athletic regular upside.
sdg,San Diego Surf Hounds,AAA,Tijuana Breakers,Rowan,Ibarra,25,SP,45,40,60,20,20,20,20,30,50,50,45,65,50,50,87,66,59,78,stamina,on_track,Near-ready relief or swingman option,Starter traits with enough pitch mix to stay in a rotation; workload growth is the main development goal. Best used as near-ready relief or swingman option.
sdg,San Diego Surf Hounds,A_PLUS,Escondido Tidecallers,Sterling,Park,21,2B,35,25,60,35,30,35,40,60,35,,,,,,62,78,71,93,defense,on_track,Power or corner-depth prospect,Up-the-middle athlete with defensive value and pressure-speed traits; defense gives the profile a safer floor. Best used as power or corner-depth prospect.
sdg,San Diego Surf Hounds,A,Chula Vista Riptides,Tristan,Zamora,20,RF,35,25,55,35,45,40,30,45,35,,,,,,76,90,83,71,fundamentals,on_track,Defense/speed development prospect,Bat-first profile with enough impact to matter if the approach holds; fundamentals can turn the tools into a role. Best used as defense/speed development prospect.
sdg,San Diego Surf Hounds,A,Chula Vista Riptides,Victor,Gable,20,SP,30,20,60,20,20,20,20,30,30,35,30,50,35,35,90,60,46,86,stamina,on_track,Raw arm with starter traits,Starter traits with enough pitch mix to stay in a rotation; workload growth is the main development goal. Best used as raw arm with starter traits.
sdg,San Diego Surf Hounds,ROOKIE,Mission Bay Pawprints,Wyatt,Novak,19,2B,30,20,60,30,25,30,35,55,30,,,,,,65,72,58,64,defense,bust_risk,Young bat with one loud carrying tool,Up-the-middle athlete with defensive value and pressure-speed traits; defense gives the profile a safer floor. Best used as young bat with one loud carrying tool.
sdg,San Diego Surf Hounds,INTERNATIONAL,Ensenada Surf Academy,Xander,Ullman,18,LF,30,20,60,30,40,35,25,40,30,,,,,,79,84,70,79,fundamentals,bust_risk,International/rookie upside lottery ticket,Bat-first profile with enough impact to matter if the approach holds; fundamentals can turn the tools into a role. Best used as international/rookie upside lottery ticket.
sdg,San Diego Surf Hounds,AAA,Tijuana Breakers,Yosef,Corvin,27,C,45,40,50,45,45,50,35,65,50,,,,,,60,83,54,72,fundamentals,on_track,Optionable catcher with receiving value,Catcher with staff-handling traits and a realistic defensive path; fundamentals can turn the tools into a role. Best used as optionable catcher with receiving value.
sdg,San Diego Surf Hounds,AAA,Tijuana Breakers,Zev,Jovic,26,2B,45,40,50,45,40,45,50,70,45,,,,,,71,90,59,85,defense,on_track,Utility infielder / contact bench bat,Up-the-middle athlete with defensive value and pressure-speed traits; defense gives the profile a safer floor. Best used as utility infielder / contact bench bat.
sdg,San Diego Surf Hounds,AAA,Tijuana Breakers,Ari,Stellan,27,CF,45,40,50,45,40,45,50,70,45,,,,,,82,55,64,61,defense,on_track,Left-handed bench outfield depth,Up-the-middle athlete with defensive value and pressure-speed traits; defense gives the profile a safer floor. Best used as left-handed bench outfield depth.
sdg,San Diego Surf Hounds,AAA,Tijuana Breakers,Bento,Amador,28,SP,45,40,50,20,20,20,20,30,50,50,45,65,50,50,93,62,69,74,stamina,on_track,Sixth-starter depth,Starter traits with enough pitch mix to stay in a rotation; workload growth is the main development goal. Best used as sixth-starter depth.
sdg,San Diego Surf Hounds,AA,Oceanside Boardwalkers,Caleb,Hoshino,24,CL,40,35,55,20,20,20,25,30,45,50,40,30,50,55,65,69,74,87,breaking,on_track,Middle-relief shuttle candidate,Late-inning arm with leverage temperament and swing-and-miss shape; breaking-ball quality is the carrying skill. Best used as middle-relief shuttle candidate.
sdg,San Diego Surf Hounds,AA,Oceanside Boardwalkers,Dario,Otero,24,RF,40,35,55,40,50,45,35,50,40,,,,,,76,76,79,63,fundamentals,on_track,Fourth-outfielder depth,Bat-first profile with enough impact to matter if the approach holds; fundamentals can turn the tools into a role. Best used as fourth-outfielder depth.
sdg,San Diego Surf Hounds,A_PLUS,Escondido Tidecallers,Elias,Yoshida,22,SS,35,25,55,35,30,35,40,60,35,,,,,,87,83,84,76,defense,on_track,Defense-first infield depth,Up-the-middle athlete with defensive value and pressure-speed traits; defense gives the profile a safer floor. Best used as defense-first infield depth.
sdg,San Diego Surf Hounds,A,Chula Vista Riptides,Fynn,Fenn,21,SP,30,20,55,20,20,20,20,30,30,35,30,50,35,35,59,90,89,89,stamina,on_track,Developmental starter with strike-throwing base,Starter traits with enough pitch mix to stay in a rotation; workload growth is the main development goal. Best used as developmental starter with strike-throwing base.
sdg,San Diego Surf Hounds,ROOKIE,Mission Bay Pawprints,Gideon,Montano,19,C,25,20,50,25,25,30,20,45,30,,,,,,70,55,45,65,fundamentals,on_track,Young catcher / staff-handling project,Catcher with staff-handling traits and a realistic defensive path; fundamentals can turn the tools into a role. Best used as young catcher / staff-handling project.
sdg,San Diego Surf Hounds,INTERNATIONAL,Ensenada Surf Academy,Harlan,Talbot,18,SS,25,20,55,25,20,25,30,50,25,,,,,,81,62,50,78,defense,on_track,Academy middle-infield glove project,Up-the-middle athlete with defensive value and pressure-speed traits; defense gives the profile a safer floor. Best used as academy middle-infield glove project.
por,Portland Sasquatch,ROOKIE,Forest Grove Saplings,Isaak,Barrow,19,CF,30,25,75,30,30,25,40,45,30,,,,,,95,74,62,93,tools,ahead_of_curve,Top ranked prospect / potential impact regular,"Up-the-middle athlete with defensive value and pressure-speed traits; tools are ahead of current baseball skill. Fits the org identity around long-view upside, defensive outfielders, unusual tools, and patient player development."
por,Portland Sasquatch,AA,Bend Timber Giants,Jalen,Ibarra,23,SP,45,40,65,20,20,20,20,30,50,50,50,55,50,50,70,86,74,71,refinement,on_track,Impact follow prospect / everyday or rotation path,"Starter traits with enough pitch mix to stay in a rotation; refinement should decide the role. Fits the org identity around long-view upside, defensive outfielders, unusual tools, and patient player development."
por,Portland Sasquatch,A_PLUS,Salem Mossbacks,Keon,Park,21,C,40,35,60,40,40,40,30,60,45,,,,,,84,56,86,86,defense,on_track,Scarcity-position prospect / above-average role path,"Catcher with staff-handling traits and a realistic defensive path; defense gives the profile a safer floor. Fits the org identity around long-view upside, defensive outfielders, unusual tools, and patient player development."
por,Portland Sasquatch,AA,Bend Timber Giants,Luca,Zamora,22,2B,40,35,60,40,40,35,50,55,40,,,,,,59,68,49,64,tools,on_track,Athletic regular upside,Up-the-middle athlete with defensive value and pressure-speed traits; tools are ahead of current baseball skill. Best used as athletic regular upside.
por,Portland Sasquatch,AAA,Eugene Trail Shadows,Mateo,Gable,25,RP,50,45,60,20,20,20,25,30,55,55,45,40,70,50,73,80,61,79,velocity,on_track,Near-ready relief or swingman option,Relief profile with one carrying pitch and room for command growth; velocity development drives the upside. Best used as near-ready relief or swingman option.
por,Portland Sasquatch,A_PLUS,Salem Mossbacks,Nolan,Novak,21,3B,35,25,60,35,55,30,30,35,35,,,,,,87,92,73,94,power,on_track,Power or corner-depth prospect,Bat-first profile with enough impact to matter if the approach holds; game power is the development focus. Best used as power or corner-depth prospect.
por,Portland Sasquatch,A,Vancouver Footprints,Omar,Ullman,20,SS,35,25,55,35,30,35,40,55,35,,,,,,62,62,85,72,defense,on_track,Defense/speed development prospect,Up-the-middle athlete with defensive value and pressure-speed traits; defense gives the profile a safer floor. Best used as defense/speed development prospect.
por,Portland Sasquatch,A,Vancouver Footprints,Pascal,Corvin,20,RP,30,20,60,20,20,20,25,30,30,35,25,20,50,30,76,74,48,87,velocity,on_track,Raw arm with starter traits,Relief profile with one carrying pitch and room for command growth; velocity development drives the upside. Best used as raw arm with starter traits.
por,Portland Sasquatch,ROOKIE,Forest Grove Saplings,Quinn,Jovic,19,3B,30,20,60,30,40,35,25,35,30,,,,,,90,86,60,65,fundamentals,bust_risk,Young bat with one loud carrying tool,Bat-first profile with enough impact to matter if the approach holds; fundamentals can turn the tools into a role. Best used as young bat with one loud carrying tool.
por,Portland Sasquatch,INTERNATIONAL,San Jose Sasquatch Academy,Rafael,Rocha,18,RP,30,20,60,20,20,20,25,30,30,35,25,20,50,30,65,56,72,80,velocity,bust_risk,International/rookie upside lottery ticket,Relief profile with one carrying pitch and room for command growth; velocity development drives the upside. Best used as international/rookie upside lottery ticket.
por,Portland Sasquatch,AAA,Eugene Trail Shadows,Silas,Zeller,27,C,45,40,50,45,45,50,35,60,50,,,,,,85,55,56,73,fundamentals,on_track,Optionable catcher with receiving value,Catcher with staff-handling traits and a realistic defensive path; fundamentals can turn the tools into a role. Best used as optionable catcher with receiving value.
por,Portland Sasquatch,AAA,Eugene Trail Shadows,Theo,Gaitan,26,2B,45,40,50,45,40,45,50,65,45,,,,,,96,62,61,86,defense,on_track,Utility infielder / contact bench bat,Up-the-middle athlete with defensive value and pressure-speed traits; defense gives the profile a safer floor. Best used as utility infielder / contact bench bat.
por,Portland Sasquatch,AAA,Eugene Trail Shadows,Ulises,Noriega,27,LF,45,40,50,45,55,50,40,50,45,,,,,,68,69,66,62,fundamentals,on_track,Left-handed bench outfield depth,Bat-first profile with enough impact to matter if the approach holds; fundamentals can turn the tools into a role. Best used as left-handed bench outfield depth.
por,Portland Sasquatch,AAA,Eugene Trail Shadows,Vidal,Wirth,28,SP,45,40,50,20,20,20,20,30,50,50,45,65,50,45,79,76,71,75,stamina,on_track,Sixth-starter depth,Starter traits with enough pitch mix to stay in a rotation; workload growth is the main development goal. Best used as sixth-starter depth.
por,Portland Sasquatch,AA,Bend Timber Giants,Wes,Easton,24,RP,40,35,55,20,20,20,25,30,45,45,35,30,60,40,90,83,76,88,velocity,on_track,Middle-relief shuttle candidate,Relief profile with one carrying pitch and room for command growth; velocity development drives the upside. Best used as middle-relief shuttle candidate.
por,Portland Sasquatch,AA,Bend Timber Giants,Xavi,Lark,24,RF,40,35,55,40,50,45,35,45,40,,,,,,62,90,81,64,fundamentals,on_track,Fourth-outfielder depth,Bat-first profile with enough impact to matter if the approach holds; fundamentals can turn the tools into a role. Best used as fourth-outfielder depth.
por,Portland Sasquatch,A_PLUS,Salem Mossbacks,Yael,Sato,22,SS,35,25,55,35,30,35,40,55,35,,,,,,73,55,86,77,defense,on_track,Defense-first infield depth,Up-the-middle athlete with defensive value and pressure-speed traits; defense gives the profile a safer floor. Best used as defense-first infield depth.
por,Portland Sasquatch,A,Vancouver Footprints,Zane,Albright,21,SP,30,20,55,20,20,20,20,30,30,35,30,50,35,30,84,62,42,90,stamina,on_track,Developmental starter with strike-throwing base,Starter traits with enough pitch mix to stay in a rotation; workload growth is the main development goal. Best used as developmental starter with strike-throwing base.
por,Portland Sasquatch,ROOKIE,Forest Grove Saplings,Emilio,Halberg,19,C,25,20,50,25,25,30,20,40,30,,,,,,95,69,47,66,fundamentals,on_track,Young catcher / staff-handling project,Catcher with staff-handling traits and a realistic defensive path; fundamentals can turn the tools into a role. Best used as young catcher / staff-handling project.
por,Portland Sasquatch,INTERNATIONAL,San Jose Sasquatch Academy,Tomas,Ortega,18,RP,25,20,55,20,20,20,25,30,25,30,20,20,45,25,67,76,52,79,velocity,on_track,Academy arm strength project,Relief profile with one carrying pitch and room for command growth; velocity development drives the upside. Best used as academy arm strength project.
